제조사,모델,매물수,최저(P10),P25,중앙값(P50),P75,최고(P90),중앙주행km,중앙연식,평균잔존율
기아,카니발 4세대,3686,2070,2350,2690,3110,3550,74262,2022,67.3
제네시스,G80 (RG3),2155,2743,3099,3600,4299,5395,67690,2022,65.3
현대,더 뉴 그랜저 IG,2144,1690,1950,2190,2450,2656,82651,2021,61.3
제네시스,GV80,2122,3390,3950,4700,5690,6550,57769,2022,70.3
현대,팰리세이드,2019,2090,2320,2590,2925,3290,80679,2021,60.4
기아,쏘렌토 4세대,1952,2100,2390,2690,3050,3390,76602,2021,71.9
현대,그랜저 HG,1938,399,480,590,720,859,147757,2014,19.1
현대,그랜저 IG,1902,949,1150,1360,1580,1760,120166,2018,40.6
기아,올 뉴 카니발,1732,720,880,1090,1322,1550,149549,2017,30.2
벤츠,E-클래스 W213,1629,1968,2350,3099,3999,4900,73060,2020,41.6
현대,그랜드 스타렉스,1574,549,679,870,1100,1320,144227,2016,37.5
현대,아반떼 (CN7),1383,1290,1484,1690,1899,2230,64506,2021,77.4
기아,더 뉴 카니발,1378,1120,1390,1679,1945,2200,109548,2019,42.5
기아,더 뉴 레이,1368,690,799,970,1180,1349,68866,2021,69.2
기아,K5 3세대,1366,1550,1730,1980,2390,2950,68139,2021,74.5
현대,더 뉴 싼타페,1361,1930,2180,2445,2700,2990,70625,2021,67.7
제네시스,GV70,1281,2980,3390,3790,4420,5100,49981,2022,75.8
현대,아반떼 AD,1272,660,750,890,1040,1160,108989,2017,50.1
현대,쏘나타 (DN8),1267,1270,1440,1649,1900,2330,84217,2021,63.7
제네시스,G80,1259,1100,1380,1650,1950,2252,126456,2018,29.8
현대,스타리아,1227,2095,2404,2750,3290,4000,53341,2023,82.9
BMW,5시리즈 (G30),1207,2050,2390,3100,3800,4400,77449,2020,43.8
기아,올 뉴 K7,1132,790,900,1100,1299,1470,126807,2017,34.3
현대,캐스퍼,1098,1096,1250,1429,1580,1690,48917,2023,82.1
현대,싼타페 TM,1059,1578,1690,1879,2100,2299,97826,2019,56.8
기아,모하비 더 마스터,1040,2399,2737,3140,3590,4190,78870,2021,59.4
기아,더 뉴 카니발 4세대,1039,3090,3650,4130,4850,6000,23836,2025,86.9
현대,올 뉴 투싼,1038,890,1030,1270,1550,1730,106836,2018,50.0
르노코리아(삼성),SM6,983,499,590,690,829,950,110902,2016,25.5
기아,올 뉴 쏘렌토,955,850,999,1175,1350,1499,141910,2016,37.1
현대,더 뉴 그랜드 스타렉스,939,1138,1365,1600,1880,2290,98411,2019,61.6
기아,셀토스,926,1400,1590,1780,1970,2150,72689,2021,74.7
르노코리아(삼성),더 뉴 QM6,900,1250,1415,1635,1942,2450,70485,2021,58.8
기아,스포티지 5세대,874,1930,2130,2425,2700,3090,60556,2022,81.2
기아,올 뉴 모닝,869,299,350,400,470,520,104450,2013,37.6
현대,제네시스 DH,864,741,850,1030,1202,1380,152110,2016,19.7
현대,싼타페 DM,861,599,700,849,960,1090,148092,2014,27.2
기아,레이,835,420,490,599,720,840,118907,2014,43.4
기아,더 뉴 기아 레이,811,1190,1390,1590,1750,1890,27905,2023,93.6
기아,더 뉴 쏘렌토,786,1390,1550,1750,1950,2150,104074,2019,53.7
현대,더 뉴 팰리세이드,785,2820,3249,3600,4090,4690,47352,2023,75.8
현대,투싼 (NX4),779,1827,2000,2250,2480,2690,63289,2022,76.5
현대,그랜저 (GN7),747,2446,2790,3080,3450,3799,42571,2023,74.4
기아,더 뉴 쏘렌토 4세대,744,2895,3350,3880,4290,4778,21900,2024,89.5
현대,LF 쏘나타,740,560,680,830,950,1090,130248,2016,33.5
기아,올 뉴 모닝 (JA),715,599,694,790,890,960,77013,2018,65.4
현대,싼타페 더 프라임,709,918,1059,1200,1370,1512,126691,2016,38.6
벤츠,S-클래스 W222,708,2196,2696,3595,4692,6190,137813,2017,22.1
기아,스포티지 4세대,703,800,930,1090,1250,1413,119776,2017,42.6
기아,K8,699,1790,2080,2350,2590,2850,65670,2022,65.2
벤츠,S-클래스 W223,699,7190,8190,9680,13094,16520,50535,2022,55.2
제네시스,G70,687,1490,1690,1965,2250,2507,93530,2019,45.0
현대,아이오닉5,651,2272,2649,2990,3420,3808,71119,2022,53.2
KG모빌리티(쌍용),렉스턴 스포츠,646,1170,1300,1490,1650,1810,101314,2019,50.5
현대,아반떼 MD,628,320,380,430,490,559,122944,2012,25.7
제네시스,EQ900,624,1133,1399,1690,1990,2299,158671,2016,18.8
KG모빌리티(쌍용),티볼리,611,490,580,670,780,880,109169,2016,31.2
현대,코나,610,1059,1190,1350,1520,1650,86657,2018,59.8
벤츠,GLE-클래스 W167,608,4997,6150,7620,9800,11300,48385,2022,62.5
기아,K7 프리미어,605,1519,1690,1890,2090,2290,87596,2020,55.0
제네시스,G90,600,2296,2687,3035,3530,3999,124116,2019,33.4
BMW,3시리즈 (G20),597,2550,2790,3390,4190,5368,42000,2022,60.6
현대,더 뉴 그랜저 IG 하이브리드,585,1949,2120,2400,2700,2950,91063,2022,58.0
KG모빌리티(쌍용),토레스,576,1800,1957,2130,2290,2430,42526,2023,68.6
르노코리아(삼성),QM6,576,770,860,1024,1198,1349,109670,2018,33.8
르노코리아(삼성),XM3,573,1059,1230,1447,1859,2197,58418,2021,63.8
기아,올 뉴 K3,569,900,1050,1190,1350,1490,80481,2019,63.2
현대,싼타페 (MX5),566,2830,3150,3600,3970,4265,27396,2024,80.0
벤츠,GLC-클래스 X253,565,2350,2720,3450,4370,5150,73332,2020,45.1
기아,K3,553,429,470,550,620,690,116026,2014,30.1
KG모빌리티(쌍용),베리 뉴 티볼리,546,1020,1150,1270,1417,1544,62183,2021,60.0
현대,에쿠스(신형),544,399,490,630,820,1050,175306,2012,8.1
제네시스,G90 (RS4),542,4791,5582,6490,7385,8389,68038,2022,65.9
KG모빌리티(쌍용),더 뉴 렉스턴 스포츠 칸,523,1990,2190,2470,2710,2990,56430,2022,66.9
아우디,A6 (C8),513,2682,2930,3350,3890,4446,54859,2021,47.6
현대,더 뉴 아반떼 (CN7),510,1690,1930,2280,2550,2999,22623,2024,88.0
기아,더 뉴 모닝,498,399,470,550,630,680,92533,2016,47.3
KG모빌리티(쌍용),티볼리 에어,497,550,650,820,1050,1400,97087,2017,38.9
기아,더 뉴 K3 2세대,496,1279,1470,1709,2050,2390,54965,2022,85.5
기아,더 뉴 셀토스,486,1950,2282,2500,2787,3250,27176,2024,94.3
BMW,X5 (G05),480,5489,6277,7500,10550,12853,42937,2023,70.1
BMW,5시리즈 (G60),472,4600,5500,6270,7354,8899,11286,2025,82.0
기아,스포티지 더 볼드,471,1260,1399,1580,1770,1899,94824,2019,60.1
벤츠,C-클래스 W205,470,1320,1570,1950,2580,3350,83924,2018,35.3
현대,더 뉴 아반떼,463,420,490,570,650,739,112264,2015,31.7
KG모빌리티(쌍용),코란도 스포츠,457,379,470,580,690,850,148981,2015,23.6
기아,K5 2세대,437,590,719,850,980,1098,127125,2016,34.3
KG모빌리티(쌍용),뷰티풀 코란도,436,1035,1296,1500,1690,1880,62756,2021,56.5
기아,더 뉴 모하비,436,989,1257,1490,1680,1920,146634,2017,31.4
현대,더 뉴 아반떼 AD,425,877,999,1180,1320,1416,88574,2019,68.6
현대,그랜저 하이브리드 (GN7),418,2745,3172,3650,4130,4490,36708,2023,73.6
기아,더 K9,417,1599,1850,2190,2500,2849,115694,2019,34.1
포르쉐,카이엔 (PO536),415,6716,7999,9800,12690,15254,43237,2022,79.5
KG모빌리티(쌍용),올 뉴 렉스턴,415,2150,2405,2650,2850,3096,70356,2021,58.6
KG모빌리티(쌍용),더 뉴 렉스턴 스포츠,414,1790,1990,2290,2577,2827,55357,2022,69.0
BMW,X7 (G07),406,6609,7100,8690,11975,13625,48776,2022,65.7
BMW,X6 (G06),400,5545,6250,7425,9955,12500,47109,2022,65.6
현대,쏘나타 뉴 라이즈,398,790,900,1120,1350,1483,114226,2018,45.8
기아,모하비,388,530,637,780,901,1090,184031,2014,17.9
기아,EV6,383,2390,2720,3090,3455,3680,70433,2022,52.4
현대,엑센트(신형),371,349,399,480,570,690,112508,2014,34.2
기아,모닝 어반 (JA),369,857,1040,1180,1330,1540,40152,2021,84.7
기아,K8 하이브리드,365,2199,2460,2790,3090,3350,71058,2023,64.1
KG모빌리티(쌍용),티볼리 아머,365,630,750,920,1050,1156,85901,2018,42.4
기아,더 뉴 K7,365,450,520,599,699,816,143177,2014,20.3
기아,더 뉴 K5 3세대,365,2254,2650,3050,3450,4076,21304,2024,96.3
현대,제네시스,358,370,430,514,650,770,153301,2012,10.7
BMW,6시리즈 GT (G32),355,2990,3565,4459,5225,5926,69510,2022,48.8
KG모빌리티(쌍용),G4 렉스턴,353,1101,1290,1480,1730,1950,112416,2018,37.0
기아,K5,352,339,389,450,530,620,142933,2012,19.0
벤츠,CLS-클래스 C257,345,3090,3650,4399,5570,6280,70547,2021,43.3
기아,카니발 R,341,320,370,450,520,595,159116,2013,15.6
BMW,7시리즈 (G11),340,2499,2996,4394,5492,6290,109669,2020,27.9
BMW,5시리즈 (F10),339,599,750,1050,1390,1686,143090,2014,15.9
현대,베뉴,338,1213,1372,1544,1865,2226,53760,2021,81.5
KG모빌리티(쌍용),렉스턴 스포츠 칸,330,1400,1570,1720,1850,2030,91305,2020,52.3
벤츠,E-클래스 W212,328,636,799,990,1250,1433,122044,2014,15.0
벤츠,E-클래스 W214,327,4825,5700,6750,7855,9540,9500,2025,76.9
현대,쏘나타 디 엣지(DN8),326,2095,2522,2890,3250,3690,29540,2024,90.3
BMW,3시리즈 (F30),326,719,990,1270,1550,1844,119780,2016,24.6
기아,스팅어,323,1220,1390,1599,1849,2150,112320,2018,38.4
기아,더 뉴 스포티지 R,319,548,629,730,824,890,136130,2014,29.0
현대,투싼 ix,319,359,414,470,530,599,157981,2012,19.1
포드,익스플로러 6세대,315,2380,2650,3050,3499,4145,59450,2021,50.0
기아,더 뉴 K3,312,550,630,770,880,990,108042,2017,42.0
기아,스포티지 5세대 하이브리드,302,2350,2552,2850,3115,3345,54000,2023,77.1
기아,더 뉴 K9 2세대,298,2790,3190,3650,4190,4615,74518,2022,53.4
아우디,뉴 A6,292,580,790,1190,1504,1759,130677,2016,17.3
KG모빌리티(쌍용),코란도 투리스모,286,358,436,580,796,1025,136100,2016,19.9
제네시스,더 뉴 G70,285,2465,2730,3040,3420,3850,49320,2021,71.9
르노코리아(삼성),QM3,284,359,420,514,599,699,119940,2015,21.4
기아,더 뉴 K5 2세대,281,859,1030,1220,1430,1599,102690,2019,49.1
벤츠,A-클래스 W177,279,1790,2090,2490,3295,4318,36692,2021,57.1
기아,K5 하이브리드 3세대,276,1770,1880,2140,2372,2560,70728,2022,64.0
현대,팰리세이드 (LX3),270,3989,4758,5599,6072,6430,10327,2026,92.1
KG모빌리티(쌍용),뉴코란도 C,270,298,359,430,499,590,134492,2015,17.6
테슬라,모델 Y,268,3500,3880,4299,5342,6450,24233,2025,77.3
현대,YF 쏘나타,264,281,329,390,450,499,131808,2011,16.4
현대,그랜저 IG 하이브리드,263,1004,1350,1640,1880,2090,129193,2018,40.5
BMW,X4 (G02),263,3390,3785,4490,5985,7698,47479,2022,66.0
기아,스포티지 R,263,440,499,570,670,750,140079,2012,23.5
벤츠,GLB-클래스 X247,261,2949,3130,3650,4700,5750,48917,2022,62.0
기아,디 올 뉴 니로,260,1750,1947,2305,2590,2990,66790,2022,73.0
기아,더 뉴 K5,256,450,520,620,720,840,145324,2014,26.8
현대,뉴 투싼 ix,255,499,594,690,780,870,139055,2014,28.0
BMW,X3 (G01),255,2990,3490,4100,4825,6139,61432,2021,59.5
지프,랭글러 (JL),241,3350,3800,4390,5150,5990,50570,2021,64.8
르노코리아(삼성),뉴SM3,240,180,220,259,299,350,114145,2011,14.8
현대,쏘나타 하이브리드 (DN8),232,1499,1696,1957,2190,2400,78631,2022,59.0
기아,니로,226,940,1049,1237,1390,1550,118534,2017,45.3
현대,베라크루즈,225,457,590,780,1050,1286,176780,2012,20.2
포르쉐,파나메라 (971),219,6100,7002,9350,11975,13920,58000,2020,57.5
기아,쏘렌토 R,219,380,445,520,590,662,158819,2011,17.7
르노코리아(삼성),SM3 네오,218,270,340,400,499,602,103715,2016,23.5
미니,쿠퍼,217,466,740,1350,1970,2490,64907,2019,40.3
볼보,XC60 2세대,210,2649,3050,4070,4745,6009,53617,2021,57.5
BMW,7시리즈 (G70),209,9340,10300,11500,12900,14220,21736,2025,69.8
기아,뉴 쏘렌토 R,207,566,649,730,800,899,154183,2014,24.4
르노코리아(삼성),그랑 콜레오스,206,2890,3222,3399,3596,3840,15183,2025,79.4
현대,쏘나타 더 브릴리언트,206,350,390,480,550,650,144750,2013,20.0
KG모빌리티(쌍용),더 뉴 코란도 스포츠,204,622,779,890,1050,1177,126626,2017,34.2
미니,쿠퍼 S,199,890,1550,2190,2694,2992,50339,2021,44.9
현대,벨로스터 (JS),194,890,1082,1294,1699,2096,87870,2019,51.9
기아,스토닉,192,750,849,999,1180,1349,92044,2018,50.0
현대,아이오닉6,189,2330,2860,3199,3465,3802,56800,2023,51.7
현대,더 뉴 맥스크루즈,188,1150,1290,1430,1589,1750,127055,2017,37.2
기아,더 뉴 니로,186,1475,1599,1779,1990,2145,79601,2020,62.6
볼보,S90,183,2022,2880,3608,4440,5440,50514,2022,51.4
볼보,XC90 2세대,183,2550,3135,4550,6230,7560,86120,2021,49.7
기아,더 뉴 모닝 (JA),181,1300,1460,1610,1750,1860,10550,2025,98.5
현대,코나 (SX2),181,2200,2390,2550,2750,2930,26431,2024,87.9
르노코리아(삼성),SM5 노바,180,288,350,427,550,650,117359,2016,19.2
포드,익스플로러,179,878,1095,1400,1640,1849,102340,2017,24.3
르노코리아(삼성),뉴SM5 플래티넘,178,230,270,319,380,436,129598,2014,12.7
지프,레니게이드,178,800,980,1314,1636,2184,69894,2019,34.8
르노코리아(삼성),SM7 노바,177,341,450,570,690,808,130319,2016,20.1
랜드로버,레인지로버 4세대,172,2752,3320,4290,6450,7886,119079,2017,24.3
벤츠,GLS-클래스 X167,168,7197,8172,10490,16236,22500,44484,2022,67.5
아우디,Q7 (4M),163,2650,3120,4999,6565,8530,74286,2021,52.5
현대,투싼 하이브리드 (NX4),159,2199,2410,2590,2855,3072,59895,2022,74.7
포르쉐,911 (992),153,13992,16100,18990,23500,29400,17012,2023,92.1
현대,싼타페 CM,153,291,349,430,480,540,164813,2011,14.7
KG모빌리티(쌍용),렉스턴 W,153,382,470,550,650,779,156579,2014,17.1
폭스바겐,골프 7세대,151,699,830,970,1100,1350,124544,2015,28.2
기아,스팅어 마이스터,150,2199,2440,2752,3187,3690,70968,2021,63.0
현대,아반떼 하이브리드 (CN7),149,1399,1550,1695,1880,2150,65957,2023,65.8
BMW,1시리즈 (F40),147,1972,2221,2530,2835,3224,44752,2022,53.7
현대,맥스크루즈,144,750,850,980,1099,1200,150292,2014,25.9
볼보,XC40,144,2165,2615,3050,3842,4297,39594,2021,61.3
랜드로버,디스커버리 5,143,1949,2440,2870,4944,6798,92626,2019,35.3
BMW,4시리즈 (F32),142,954,1290,1590,2045,2389,110305,2016,26.6
현대,그랜저 HG 하이브리드,141,500,595,760,900,1030,162606,2016,21.3
포르쉐,마칸,141,2550,2990,3980,7800,9190,83173,2018,51.8
벤츠,GLC-클래스 X254,140,5977,6672,7385,8200,9182,13621,2025,84.1
현대,아슬란,138,499,610,740,890,1050,146827,2015,18.8
기아,더 뉴 K5 하이브리드 3세대,136,2384,2727,2900,3142,3330,26987,2024,78.5
벤츠,AMG GT,136,5895,6988,8800,10695,13025,40186,2022,58.3
테슬라,모델 3,135,2314,2885,3630,4499,5230,62532,2022,59.8
폭스바겐,티구안 2세대,133,1842,2020,2450,3800,5118,79340,2020,65.8
현대,넥쏘,131,1399,1590,1980,2200,2390,67539,2022,26.2
기아,뉴모닝,131,170,190,210,257,290,104656,2010,25.7
현대,더 뉴 코나,128,1421,1630,1900,2370,2690,55588,2021,75.1
기아,더 뉴 K8 하이브리드,127,2751,3435,3990,4390,4590,15195,2025,81.1
BMW,3시리즈 GT (F34),124,906,1086,1650,2030,2537,108305,2018,27.7
아우디,Q5 (FY),124,3150,3650,4070,4590,5078,44506,2022,58.6
랜드로버,디스커버리 스포츠,123,850,989,1099,1295,1499,112057,2017,18.0
벤츠,C-클래스 W206,123,3758,4060,4390,4750,5199,28800,2023,65.7
미니,쿠퍼 S 컨트리맨,121,2299,2600,3090,3380,3590,41285,2023,52.6
BMW,1시리즈 (F20),121,619,950,1190,1450,1830,111298,2016,30.9
벤츠,CLA-클래스 C118,119,3099,3320,3890,4771,7010,29912,2023,65.0
BMW,X1 (F48),118,1590,2005,2550,2887,3199,64932,2021,48.1
랜드로버,레인지로버 이보크,116,884,1050,1234,1537,1715,101701,2017,17.3
랜드로버,디스커버리 4,115,1199,1565,1950,2699,2999,154422,2015,24.2
BMW,5시리즈 GT (F07),115,599,735,990,1380,1697,161296,2014,14.2
아우디,A4 (B9),114,1714,1992,2425,2896,3250,49940,2021,45.0
BMW,4시리즈 (G22),114,3555,4055,4970,5777,6735,27424,2024,71.4
기아,K9,113,498,590,699,830,958,167049,2013,11.5
기아,쏘울,113,290,340,400,480,520,118570,2011,24.3
랜드로버,레인지로버 스포츠 2세대,113,1981,2390,3390,4450,5529,99781,2017,25.5
BMW,X5 (F15),112,1902,2165,2650,3159,3526,144070,2016,25.6
현대,쏘나타 하이브리드,112,350,396,485,590,650,141213,2013,15.6
기아,더 뉴 기아 레이 EV,111,2100,2194,2290,2387,2480,23923,2024,77.5
벤츠,CLE-클래스 C236,111,5620,6902,7390,8085,10600,9001,2025,87.6
벤츠,S-클래스 W221,110,590,781,945,1172,1602,146590,2010,6.1
기아,올 뉴 프라이드,109,349,399,449,490,580,103422,2013,30.1
제네시스,GV80 쿠페,109,6225,6490,7000,7590,8356,23720,2024,82.8
포르쉐,뉴 카이엔,109,1462,1990,2580,3350,3902,141753,2015,24.5
미니,쿠퍼 클럽맨,108,635,1380,1799,2416,2862,57782,2020,45.0
르노코리아(삼성),아르카나,108,1978,2147,2340,2482,2680,13119,2025,82.4
마세라티,르반떼,108,2549,2790,3590,4587,6030,78172,2019,27.2
링컨,에비에이터 2세대,107,2990,3590,4230,5009,6096,62000,2021,47.5
랜드로버,디펜더 (L663),107,5799,6975,8174,9825,10800,27886,2023,72.5
기아,더 뉴 K9,107,650,814,950,1175,1402,166633,2016,17.8
미니,쿠퍼 컨트리맨,107,1496,1950,3190,3725,4166,47894,2022,63.3
폭스바겐,뉴 티구안,106,650,730,820,957,1215,125647,2015,20.4
폭스바겐,아테온,106,1780,2005,2590,3145,3390,63381,2022,45.9
기아,K7 프리미어 하이브리드,104,1822,2012,2175,2450,2677,97506,2020,55.2
르노코리아(삼성),뉴SM5(신형),104,180,200,250,290,350,131775,2011,10.2
기아,디 올 뉴 니로 EV,104,2162,2549,2799,2892,2937,34426,2024,52.2
지프,그랜드 체로키,103,707,1105,1590,1990,2431,118938,2017,21.7
현대,더 뉴 투싼 하이브리드 (NX4),103,2858,3265,3450,3650,3850,18756,2025,90.0
아우디,Q8 (4M),102,5190,5804,6680,7950,10913,56951,2022,61.9
포르쉐,718 박스터,101,4790,5650,8035,10408,12417,41362,2021,70.6
벤츠,GLA-클래스 X156,101,1119,1380,1650,1920,2080,88067,2018,32.0
기아,올 뉴 K7 하이브리드,100,948,1190,1380,1624,1795,140957,2018,35.2
마세라티,기블리,98,1214,1405,1990,3035,4250,88701,2017,19.3
벤츠,EQB X243,97,4076,4590,5500,5900,6400,9679,2026,66.3
포르쉐,타이칸,97,9225,11000,13990,15850,19984,19155,2024,85.6
기아,K5 하이브리드,97,435,480,560,649,778,144005,2013,17.8
현대,i30(신형),97,520,550,599,680,768,112223,2014,31.0
현대,i30 (PD),96,850,967,1149,1290,1485,92090,2018,51.0
폭스바겐,티구안 올스페이스,96,2285,2622,2990,3270,3460,44178,2023,57.6
포르쉐,파나메라,96,1705,1990,2450,3275,4024,119637,2013,17.5
현대,쏘나타 디 엣지 하이브리드(DN8),95,2490,2825,2970,3216,3356,32249,2024,80.4
현대,제네시스 쿠페,95,350,397,535,670,779,144637,2010,18.6
랜드로버,레인지로버 벨라,95,2802,3295,5300,7889,8223,50507,2021,49.1
지프,체로키(KL),95,838,985,1550,1870,2095,76135,2020,29.0
기아,더 뉴 K8,94,2633,3150,3635,3918,4203,15256,2025,83.9
벤츠,G-클래스 W463b,94,15150,17325,19617,21675,24326,34330,2021,83.9
BMW,X6 (F16),94,1761,2109,2590,2897,3147,148851,2017,23.2
아우디,뉴 A4,94,413,549,674,790,961,123080,2015,13.6
현대,더 뉴 투싼 (NX4),93,2506,2690,2950,3150,3444,19467,2024,89.1
기아,더 뉴 스포티지 5세대,93,2738,3050,3850,4590,5292,11531,2025,104.2
랜드로버,레인지로버 이보크 2세대,92,2600,3522,4690,5212,5790,16695,2024,56.6
아우디,A7 (4K),92,3623,4067,4535,5268,6769,58714,2021,50.1
미니,쿠퍼 D 컨트리맨,91,430,485,650,1270,1650,110000,2015,20.5
현대,벨로스터,91,370,392,469,550,630,117661,2012,23.0
아우디,A7,91,800,980,1320,1640,1999,135315,2015,15.2
기아,타스만,89,3480,3750,4210,4650,4974,7335,2026,91.1
BMW,X3 (G45),89,5496,6800,7470,8000,8518,8202,2025,95.7
르노코리아(삼성),더 뉴 SM6,89,1023,1430,1820,2150,2394,47353,2023,58.7
기아,올 뉴 카렌스,88,396,498,599,700,796,150199,2014,27.7
기아,EV3,88,1509,2059,3405,3820,4076,11910,2026,65.8
벤츠,GLA-클래스 H247,88,2687,2850,3424,4112,4550,42214,2021,54.8
현대,LF 쏘나타 하이브리드,87,650,739,860,999,1237,140212,2016,28.1
벤츠,GLE-클래스 W166,87,2021,2594,3100,3710,4699,117500,2017,28.8
미니,쿠퍼 D,87,377,494,630,799,1006,110250,2015,19.2
현대,i40 살룬,86,377,422,530,645,699,150993,2014,18.9
현대,코나 일렉트릭,85,1500,1620,1770,2090,2282,119179,2019,36.6
기아,더 프레스티지 K7,84,342,389,435,510,587,146632,2012,13.7
벤츠,CLA-클래스 C117,84,1030,1156,1480,1775,2150,94297,2017,29.5
르노코리아(삼성),마스터,83,1759,2170,2800,3175,3599,47911,2020,62.7
KG모빌리티(쌍용),뉴 스타일 코란도 C,83,550,590,690,794,930,115710,2018,26.4
BMW,7시리즈 (F01),83,582,714,940,1289,1590,165784,2012,6.9
아우디,A5 (F5),83,2258,2640,2980,3490,3890,53357,2021,48.2
혼다,어코드 10세대,82,1363,1550,1900,2249,2648,85925,2019,46.8
벤츠,CLS-클래스 W218,81,1110,1399,1680,2190,3000,114781,2016,18.9
KG모빌리티(쌍용),액티언 2세대,81,2520,2650,2790,3050,3430,15847,2025,79.8
KG모빌리티(쌍용),더 뉴 토레스,81,2160,2450,2630,2890,3080,18503,2025,79.1
쉐보레(GM대우),올란도,79,348,410,500,629,750,135532,2015,21.5
볼보,V60 크로스컨트리 2세대,79,2482,2760,3270,4520,5050,48646,2021,59.4
현대,쏠라티,77,2568,3150,4250,5050,5820,62106,2020,
포드,머스탱,77,1580,1900,2450,2990,3636,71555,2019,47.8
랜드로버,디스커버리 스포츠 2세대,77,2448,2950,3790,4450,4936,20277,2023,51.7
폭스바겐,제타 7세대,76,1625,1985,2490,2890,3070,42344,2021,70.9
렉서스,ES300h 7세대,76,3119,3559,4250,5125,5690,61207,2022,64.8
미니,쿠퍼 S 클럽맨,75,1117,2300,2650,3090,3242,45003,2022,47.4
현대,캐스퍼 일렉트릭,75,1920,2599,2800,2925,3026,15315,2025,85.9
현대,아이오닉 하이브리드,74,728,790,930,1126,1244,148907,2016,36.7
아우디,A8 (D5),74,4427,5108,5735,6497,7770,77132,2021,38.7
혼다,오딧세이,74,943,1369,2230,2796,4123,86310,2018,40.7
BMW,2시리즈 그란쿠페 (F44),71,2150,2390,2700,2950,3168,36712,2022,53.1
인피니티,Q50,70,469,582,765,1050,1496,143539,2016,16.8
지프,랭글러 (JK),70,1297,1774,1990,2342,2633,111093,2016,43.4
현대,더 뉴 아반떼 하이브리드 (CN7),69,1868,2299,2500,2800,2956,19818,2025,83.3
닛산,알티마,69,392,520,650,800,942,98310,2017,20.6
벤츠,EQA H243,69,3266,3862,4950,5400,6120,9876,2025,66.5
벤츠,G-클래스 W465,69,18623,20500,22600,25300,28680,4021,2025,110.9
르노코리아(삼성),클리오,68,670,699,780,850,966,83071,2018,34.4
르노코리아(삼성),뉴QM3,68,676,780,847,919,1000,84044,2018,34.5
현대,아반떼 HD,66,250,262,330,367,440,104471,2009,22.3
미니,쿠퍼 S 컨트리맨 3세대,66,2352,3575,4028,5250,5999,5046,2025,74.5
미니,쿠퍼 S 컨버터블,66,894,1666,2529,3150,3629,44294,2021,45.6
르노코리아(삼성),All New SM7,66,264,296,335,383,434,136586,2012,10.2
랜드로버,레인지로버 5세대,66,14944,16570,20500,24022,27650,18734,2024,81.7
기아,포르테,66,255,289,336,377,429,93500,2012,21.3
아우디,뉴 A8,65,684,940,1260,1890,2259,160000,2013,9.6
KG모빌리티(쌍용),더 뉴 티볼리,64,1650,1750,1875,1950,2090,17968,2025,79.1
KG모빌리티(쌍용),뉴체어맨 W,64,413,488,645,798,1020,138893,2015,9.6
람보르기니,우루스,64,24150,28874,35945,39000,46050,9950,2024,112.2
기아,니로 EV,64,1322,1614,1835,2150,2339,126175,2022,38.1
캐딜락,에스컬레이드 5세대,63,7700,8169,8900,11375,15678,37850,2023,63.8
마세라티,콰트로포르테,63,1598,1865,2830,3375,4740,100010,2016,17.0
현대,i40,61,369,488,620,699,830,142722,2013,20.3
BMW,i4,60,4061,4847,5125,5702,6191,40214,2024,63.7
기아,쏘울 부스터,60,1017,1187,1335,1490,1590,80119,2019,60.0
KG모빌리티(쌍용),렉스턴 뉴 아레나,60,2991,3196,3455,3811,4081,32468,2024,73.1
벤츠,EQE V295,60,4976,5210,5640,6425,7809,37380,2023,55.0
현대,더 뉴 캐스퍼,60,1749,1991,2250,2405,2491,2492,2026,110.6
혼다,올뉴어코드,60,497,742,990,1142,1252,118451,2016,20.2
제네시스,GV60,59,3650,4019,4680,5044,5296,58031,2022,69.8
BMW,8시리즈 (G15),58,6065,6892,7940,8990,9527,31258,2023,55.5
기아,올 뉴 쏘울,58,517,590,690,779,923,117904,2015,37.6
기아,더 뉴 스포티지 5세대 하이브리드,57,2331,2662,3199,3740,4038,8182,2025,86.6
BMW,Z4 (G29),57,3442,3899,5290,5850,6814,34548,2022,66.3
르노코리아(삼성),QM5 네오,57,296,350,425,520,577,138433,2014,15.7
기아,EV9,57,5274,5590,6050,6450,6690,48404,2024,74.0
랜드로버,레인지로버 스포츠 3세대,55,10351,13095,14950,16499,17746,12882,2025,88.9
테슬라,모델 X,55,5746,6820,13350,14880,18090,61205,2023,77.4
KG모빌리티(쌍용),코란도 C,55,163,252,290,345,386,147588,2012,12.1
포르쉐,911,55,5059,6995,9200,12000,14582,77300,2015,52.0
BMW,X1 (U11),55,3990,4560,4900,5525,5690,12566,2025,75.4
BMW,X3 (F25),55,599,820,1100,1390,1906,144359,2014,17.7
현대,쏘나타 뉴 라이즈 하이브리드,55,775,937,1159,1414,1630,138837,2018,36.9
아우디,e-트론,54,3899,4292,4835,5422,6235,70915,2022,41.4
포르쉐,파나메라 (976),54,16423,17257,18735,21393,25500,10250,2025,98.8
폭스바겐,뉴 CC,53,408,520,650,790,890,145082,2014,13.6
벤츠,C-클래스 W204,53,503,599,690,920,1050,119852,2013,15.3
아우디,Q3 (F3),53,3318,3500,4290,5300,6199,40177,2023,84.2
재규어,XF (X260),53,691,830,950,1200,1542,124752,2017,14.3
볼보,S60 3세대,52,2252,2449,3005,3587,4228,50838,2021,57.1
폭스바겐,투아렉 3세대,52,4200,5065,6380,8157,10490,36407,2023,67.9
캐딜락,CT6,52,1176,1602,1974,2450,2788,119531,2018,23.0
폭스바겐,더 뉴 파사트,51,450,550,680,900,1060,106104,2015,19.3
기아,오피러스 프리미엄,50,250,330,399,466,523,129794,2010,10.1
혼다,CR-V 5세대,50,1950,2042,2324,2982,3463,74511,2019,59.4
기아,더 뉴 프라이드,50,449,492,585,685,790,96357,2016,39.3
BMW,6시리즈 (F12),50,999,1210,1689,2196,2759,132158,2015,15.2
벤츠,스프린터,50,3170,4042,6049,8475,9510,61694,2019,
아우디,A3 (8Y),50,2399,2675,2855,3072,3208,17406,2023,63.4
BMW,3시리즈 (E90),49,299,490,630,890,1081,126968,2010,10.8
기아,K5 하이브리드 2세대,49,738,835,950,1230,1374,148726,2017,32.5
지프,그랜드 체로키(WL),49,3340,3750,4200,5299,6083,42145,2022,49.8
르노코리아(삼성),SM7 New Art,49,184,219,269,315,382,140430,2010,8.7
푸조,2008,49,318,475,599,750,870,106154,2016,21.0
캐딜락,에스컬레이드,49,1139,2799,3350,3830,4229,106703,2018,22.8
현대,더 뉴 제네시스 쿠페,48,578,841,992,1246,1643,137209,2013,33.7
폭스바겐,골프 8세대,48,3018,3472,3665,3777,3943,15240,2024,79.1
BMW,i5 (G60),48,5752,6467,7300,8412,8960,19947,2025,67.5
볼보,S60,47,429,499,739,895,1049,130180,2016,16.1
기아,K7,47,290,355,420,480,538,158337,2011,12.3
기아,뉴카렌스,47,275,307,380,420,480,137248,2009,19.5
지프,컴패스 2세대,47,1262,1430,1890,2304,2466,54103,2022,38.1
기아,더 뉴 EV6,47,3317,3690,4080,4499,4814,25908,2025,67.5
현대,코나 하이브리드 (SX2),47,2212,2595,3000,3330,3630,17532,2025,89.5
도요타,시에나 4세대,46,4095,4457,4970,5622,6400,51068,2023,74.2
포드,F150,46,1790,2975,3775,6012,7700,94592,2016,
아우디,Q5 (80A),46,6495,7322,7900,8500,8700,33,2025,98.4
아우디,Q5,46,810,993,1215,1429,1524,140475,2015,17.6
벤츠,EQS V297,46,6440,6805,7530,8889,10650,47491,2022,46.5
BMW,2시리즈 액티브 투어러 (F45),45,814,880,1150,1450,1710,95520,2017,27.1
재규어,F-PACE,44,1200,1272,1444,1739,2097,121101,2018,21.2
아우디,뉴 A3,44,655,787,915,1109,1360,105500,2015,23.9
재규어,XE,44,628,696,790,950,1062,98388,2016,15.7
기아,니로 플러스,43,1411,1646,1899,2474,2599,101704,2023,41.4
미니,쿠퍼 D 클럽맨,43,641,810,1050,1305,1622,100023,2018,26.7
혼다,파일럿 3세대,43,1312,1450,1810,2810,3287,97702,2018,37.5
르노코리아(삼성),뉴QM5,42,250,299,385,469,518,139958,2013,14.4
폭스바겐,뉴 제타,42,312,449,609,749,850,129698,2015,16.8
쉐보레,익스프레스밴,42,898,1492,2174,2890,3440,90510,2014,
아우디,Q4 e-트론 (F4),42,3450,3751,4050,4785,5061,21505,2023,62.5
미니,쿠퍼 S 4세대,41,3280,3400,3590,3680,3795,5022,2025,72.8
BMW,i7 (G70),41,10900,11399,12650,13800,15800,26154,2024,62.6
아우디,A5,41,490,720,890,1090,1280,125656,2014,13.9
도요타,RAV4 5세대,41,2890,3590,3900,4250,4400,39262,2023,82.9
폭스바겐,골프 6세대,41,349,390,490,590,750,145079,2012,14.5
벤틀리,벤테이가,41,10300,11500,18500,25500,34600,41532,2022,60.0
BMW,X4 (F26),40,1398,1465,1770,2060,2472,125660,2016,25.1
폭스바겐,파사트 GT(B8),39,1678,1875,2230,2635,2866,67460,2021,47.2
재규어,All New XJ,39,760,1044,1400,2060,2809,120137,2015,11.2
제네시스,일렉트리파이드 GV70,38,4195,4692,5055,5497,5786,63996,2022,65.8
지프,글래디에이터 (JT),38,3804,4160,4525,4915,6015,38702,2021,62.7
현대,코나 하이브리드,38,1527,1670,1775,1948,2015,80646,2020,68.4
벤틀리,플라잉스퍼 3세대,38,17570,18825,20129,23500,27860,32750,2022,67.1
현대,더 뉴 아이오닉 하이브리드,37,932,1290,1430,1570,1682,125211,2020,52.5
벤츠,EQE SUV X294,37,6788,6990,7780,8290,9280,34579,2023,64.6
벤츠,GLK-클래스 X204,37,682,790,1150,1350,1510,159451,2013,18.8
포드,브롱코 6세대,37,4890,5290,5550,5900,6389,30638,2023,73.7
도요타,캠리 (XV70),37,2118,2300,2499,2850,3666,77001,2019,67.5
푸조,3008 2세대,36,1314,1445,1670,2147,2510,79616,2020,42.0
벤츠,B-클래스 W246,36,500,586,774,1262,1590,105383,2015,21.7
기아,포르테 쿱,36,290,300,350,399,435,125945,2011,20.2
제네시스,일렉트리파이드 G80 (RG3),36,4324,4814,5350,5955,6999,81200,2022,64.5
벤츠,EQS SUV X296,36,8550,9112,10650,12375,17495,31777,2023,64.7
르노코리아(삼성),SM5 뉴 임프레션,36,197,220,254,281,325,110316,2009,10.5
렉서스,NX350h 2세대,36,4794,5197,5610,5892,6259,27130,2024,79.9
푸조,5008 2세대,35,1314,1420,1680,2745,2950,84632,2020,42.0
페라리,로마,35,25380,26605,34700,37150,42100,6684,2023,88.5
르노코리아(삼성),필랑트,35,2736,3036,4289,4834,5054,524,2027,82.4
현대,아이오닉 일렉트릭,35,793,1024,1220,1340,1370,110119,2018,26.2
벤틀리,컨티넨탈 GT 3세대,35,15076,17499,19300,21750,28000,35900,2021,65.0
벤츠,A-클래스 W176,33,867,990,1249,1900,2361,97250,2017,29.1
현대,더 뉴 아이오닉5,33,3408,3980,4390,4650,4956,32000,2025,73.3
기아,EV4,33,1670,2495,3699,3990,4190,1805,2026,68.5
링컨,뉴 MKZ,33,499,650,1150,1600,1850,100182,2017,25.7
BMW,X2 (F39),33,2082,2250,2750,3080,3438,46213,2022,47.1
도요타,뉴 캠리,32,800,965,1150,1304,1440,115352,2015,31.2
벤츠,E-클래스 W211,32,385,515,724,960,1244,138492,2007,8.7
렉서스,뉴 ES300h,32,1499,1860,2295,2635,2690,108260,2017,38.2
현대,코나 일렉트릭 (SX2),32,1799,2515,2824,3000,3303,65970,2023,58.0
현대,더 뉴 스타리아,31,3000,3630,4290,4835,5800,1443,2026,104.7
현대,i30,31,290,350,380,434,460,94606,2010,23.7
기아,셀토스 2세대,31,2291,2477,2855,3770,4420,650,2026,98.0
도요타,프리우스 4세대,31,1249,1385,1670,2375,3330,84388,2018,57.5
BMW,2시리즈 액티브 투어러 (U06),31,3180,3334,3550,3850,4130,9139,2025,73.1
미니,쿠퍼 컨버터블,30,692,912,1319,2799,3654,91030,2018,39.9
폴스타,폴스타 2,30,2698,2935,3320,3450,3782,56355,2023,58.4
현대,더 뉴 i40,30,645,777,950,1127,1255,143342,2016,33.7
현대,그랜저 뉴 럭셔리,30,249,280,350,387,450,113350,2009,11.5
르노코리아(삼성),SM5,30,199,230,280,377,453,108207,2002,14.2
포르쉐,마칸 EV,30,10399,10750,11350,11887,12828,10583,2025,98.0
렉서스,NX300h,30,2342,2449,2725,3287,3757,90622,2018,48.5
현대,더 뉴 벨로스터,30,579,622,695,757,851,100840,2016,31.9
기아,K7 하이브리드,29,543,580,650,840,908,167028,2014,18.8
롤스로이스,고스트 2세대,29,34180,36000,39900,46900,53600,13500,2022,80.6
르노코리아(삼성),SM3 Z.E.,29,385,450,660,799,900,92489,2017,15.5
볼보,V90 크로스컨트리,29,2083,2399,2830,4898,5800,72444,2020,47.2
KG모빌리티(쌍용),슈퍼 렉스턴,29,250,290,359,399,449,168329,2011,11.8
재규어,New XF,28,299,387,490,682,783,139345,2014,8.0
쉐보레(GM대우),뉴 라보,28,490,587,645,704,900,68747,2017,75.3
BMW,M4 (F82),28,3448,3849,4855,5657,6560,83137,2017,40.7
BMW,X1 (E84),27,399,514,590,689,778,145545,2012,11.6
BMW,5시리즈 (E60),27,354,445,495,650,866,117663,2008,8.1
아우디,SQ5 (FY),27,3870,4290,5170,5700,6014,61550,2021,53.6
도요타,알파드 4세대,27,8686,9075,9600,11025,11620,20158,2024,100.7
닷지,램픽업,26,2950,3522,5920,7090,11395,83362,2019,
현대,더 뉴 코나 하이브리드,26,1625,1727,1910,2247,2590,94430,2022,68.4
BMW,M4 (G82),25,9460,11290,11808,13500,14756,20949,2024,85.9
BMW,X4M (G02),25,4670,5450,6990,8900,9160,48613,2022,56.5
폭스바겐,ID.4,25,2702,2990,3250,3660,3900,34000,2023,56.2
르노코리아(삼성),캡처,25,1240,1299,1490,1550,1630,50803,2020,53.0
링컨,코세어,25,2136,2350,2590,2870,2974,62938,2021,44.7
미니,쿠퍼 SD 컨트리맨,25,540,620,1499,2699,2830,92794,2017,30.0
기아,더 뉴 카렌스,25,560,680,760,899,1048,137531,2018,35.6
벤츠,뉴 SLK-클래스,25,683,850,1389,1800,2485,110650,2012,19.1
벤틀리,컨티넨탈 GT 2세대,24,4479,4967,5775,6907,7470,79164,2015,25.3
롤스로이스,고스트,24,12575,14250,15950,20175,24020,58105,2018,36.8
벤츠,G-클래스 W463,24,5398,6580,7175,9067,13879,96680,2016,41.5
KG모빌리티(쌍용),토레스 EVX,24,2622,3010,3245,3412,3478,42169,2024,65.6
롤스로이스,컬리넌,24,37220,41975,47950,59125,61400,14500,2023,89.6
포드,레인저 4세대,24,4329,4767,5925,6292,6434,45616,2023,76.2
폭스바겐,티록,24,2069,2120,2190,2442,2663,58868,2021,59.4
BMW,X5 (E70),23,510,599,800,990,1182,201269,2010,8.7
현대,아이오닉9,23,6065,6413,6870,7287,7478,10114,2025,86.1
KG모빌리티(쌍용),무쏘 (Q300),23,3656,3730,3870,4175,4322,1700,2026,94.5
포르쉐,박스터,23,2260,2999,3700,4624,6160,94000,2013,41.7
테슬라,모델 S,23,3630,4050,4890,12945,16160,90085,2020,61.8
제네시스,더 뉴 G70 슈팅브레이크,23,2660,3125,3350,3575,4179,38439,2023,74.9
폭스바겐,더 비틀,23,548,705,850,1110,1266,127271,2014,24.7
BMW,M2 (G87),23,7356,8130,8490,9195,9510,7763,2025,93.5
볼보,S80,22,304,404,525,790,979,130117,2012,8.8
포드,머스탱 7세대,22,4880,5058,5225,6060,6835,16019,2024,80.6
재규어,E-PACE,22,1294,1399,1525,1635,1744,73347,2018,26.2
벤츠,M-클래스 W166,22,986,1205,1469,1842,2581,147214,2014,16.0
렉서스,UX250h,22,2673,2944,3200,3610,3928,54611,2021,66.8
인피니티,Q30,22,1003,1105,1260,1300,1450,64969,2017,32.3
기아,쏘울 EV,22,751,801,995,1130,1150,63210,2017,21.5
아우디,Q7,22,707,821,990,1250,1349,178341,2013,10.7
링컨,노틸러스 1세대,22,1760,1975,2420,3090,3280,73444,2020,36.9
BMW,XM (G09),22,12719,13150,13995,15763,17160,26572,2023,63.8
BMW,2시리즈 그란쿠페 (F74),21,3650,3750,3850,3990,4350,4406,2025,71.1
BMW,X6 (E71),21,850,980,1200,1330,1689,155649,2012,11.2
볼보,XC60,21,750,850,1130,1290,1460,154134,2016,18.5
재규어,F-TYPE,21,2499,2699,3450,5800,6500,69138,2017,37.1
현대,에쿠스,21,270,350,480,640,850,106004,2006,8.1
기아,PV5,21,3263,3690,3830,4390,4730,3936,2026,84.2
현대,더 뉴 i40 살룬,21,550,680,750,799,950,125168,2016,26.2
링컨,MKC,21,750,930,1079,1460,1710,91572,2018,
기아,그랜드 카니발,20,277,342,395,435,650,171201,2009,14.9
기아,New 스포티지,20,243,280,325,360,425,147801,2009,15.9
링컨,컨티넨탈 10세대,20,1060,1325,1700,2105,2504,91866,2017,19.1
링컨,MKX 2세대,20,712,1045,1194,1362,1582,100986,2017,20.7
현대,NF 쏘나타 트랜스폼,20,220,246,275,362,398,134924,2009,16.0
쉐보레(GM대우),볼트 EV,20,1245,1380,1460,1655,1791,116860,2019,31.3
BMW,M3 (G80),20,10390,12790,14525,14847,15300,8841,2025,100.3
폭스바겐,뉴 투아렉,20,889,987,1197,1522,1672,164568,2014,15.5
미니,쿠퍼 C 4세대,20,2758,2900,2950,3060,3236,4876,2025,73.4
벤츠,CLS-클래스 W219,19,408,520,690,865,992,119917,2010,6.3
링컨,네비게이터 4세대,19,4634,5100,6150,7917,8432,45665,2021,54.9
르노코리아(삼성),QM5,19,220,234,280,310,365,156953,2011,10.3
아우디,Q3,19,980,995,1120,1285,1434,125585,2014,21.8
캐딜락,ATS,19,650,699,870,1099,1419,90714,2017,19.0
인피니티,Q70,19,682,770,1085,1195,1392,125271,2017,17.3
닛산,쥬크,19,490,565,650,735,892,94347,2015,23.3
BMW,iX3,19,4226,4725,5250,5445,5878,38729,2024,63.6
도요타,RAV4,18,1520,1725,1890,2065,2255,105679,2016,50.2
벤츠,V-클래스,18,5005,5825,8150,17362,17430,45709,2022,
도요타,크라운 크로스오버,18,4341,4767,4950,5325,5380,22584,2025,84.1
포르쉐,718 카이맨,18,4840,5460,6399,8862,15860,53380,2019,70.9
기아,EV5,18,1817,1968,3371,4783,5345,2625,2026,69.6
현대,테라칸,18,299,342,450,637,890,195080,2004,20.1
람보르기니,우라칸,18,18500,21925,30599,36675,39340,17590,2019,80.8
랜드로버,레인지로버,18,1044,1222,1670,2012,2325,180087,2010,10.5
볼보,V40,17,634,750,900,1190,1314,90526,2016,25.9
기아,더 뉴 K5 하이브리드 2세대,17,906,1160,1280,1450,1593,133932,2019,39.2
인피니티,QX60,17,756,850,1380,1649,1786,108911,2017,20.8
캐딜락,XT5,17,1461,1630,2050,2390,2948,99530,2019,29.8
BMW,M5 (G90),17,17060,17900,18000,19399,20659,5370,2026,107.4
BMW,X2 (U10),17,4387,4650,4990,5600,5790,10124,2025,70.6
벤틀리,플라잉스퍼 2세대,17,3434,3990,4990,5300,6380,107890,2016,18.7
BMW,X5M (G05),17,7904,8500,9550,11499,16540,55368,2023,58.8
현대,그랜저 TG,17,184,199,230,290,378,137068,2007,10.7
벤츠,뉴 SL-클래스,17,3140,4350,5199,5450,6414,76337,2014,33.0
KG모빌리티(쌍용),체어맨 W,17,226,250,417,480,571,122331,2010,6.6
르노코리아(삼성),트위지,16,167,193,242,281,299,11705,2019,
쉐보레(GM대우),뉴 다마스,16,460,535,580,682,724,80808,2017,59.5
미니,쿠퍼 일렉트릭,16,2325,2500,2675,2772,2870,30578,2023,51.7
혼다,어코드 11세대,16,3430,3572,3840,3985,4270,11388,2024,76.4
아우디,A5 (B10),16,4716,5175,5740,6115,6547,3565,2025,87.4
포르쉐,카이엔,16,675,735,1010,1697,2295,152341,2008,9.5
BMW,Z4 (E89),16,1725,2220,2299,2512,2835,96933,2012,26.5
푸조,508,16,339,467,555,707,870,132875,2015,13.9
링컨,뉴 MKS,16,364,399,450,490,525,129219,2014,8.1
BMW,i3,16,834,1155,1955,2485,2795,82472,2018,28.8
BMW,iX,16,7100,7842,8600,9666,11150,23034,2023,65.2
벤츠,SL-클래스 R232,16,13800,14480,16100,18500,19046,7550,2024,76.7
포드,레인저 3세대,16,2795,3110,3720,4192,4250,55655,2022,
볼보,EX30,16,4000,4000,4000,4000,4000,2707,2025,77.3
현대,더 뉴 i30,16,544,665,709,738,815,119130,2016,34.0
페라리,푸로산게,15,63000,67500,75000,76250,81600,2862,2025,119.0
BMW,X6M (G06),15,8894,9450,10550,14927,16237,39191,2023,63.5
닛산,큐브,15,393,419,490,650,710,129597,2012,22.0
혼다,New CR-V,15,945,1125,1350,1424,1521,104482,2015,34.6
포드,몬데오 4세대,15,420,510,630,1145,1641,128337,2016,21.2
포드,뉴 토러스,15,311,394,490,624,790,127631,2014,11.5
KG모빌리티(쌍용),무쏘 EV (O100),15,3626,3990,4090,4285,4480,24604,2026,78.7
현대,갤로퍼 2,15,354,479,560,699,766,183144,2000,36.0
렉서스,LS460,15,542,960,1840,2380,3010,117808,2013,15.9
렉서스,CT200h,15,1138,1350,1490,1550,1720,112963,2016,35.4
쉐보레(GM대우),스파크,15,193,229,290,345,369,143748,2013,24.2
미니,쿠퍼 일렉트릭 4세대,15,3630,3775,3900,4325,4734,5248,2024,77.2
볼보,XC70,14,556,821,1235,1556,1821,186056,2014,19.1
BMW,1시리즈 (F70),14,3400,3675,3925,4125,5531,4333,2025,74.5
쉐보레(GM대우),볼트 EUV,14,2302,2400,2490,2575,2721,60034,2023,51.6
현대,더 럭셔리 그랜저,14,306,320,347,426,464,142116,2010,12.4
기아,뉴오피러스,14,192,227,260,299,350,133700,2008,7.0
푸조,408,14,2710,2860,3225,3450,3695,22271,2024,69.0
혼다,CR-V,14,429,475,545,680,764,188259,2006,16.6
현대,아반떼 하이브리드,14,305,350,384,419,444,140943,2010,16.2
폭스바겐,페이톤,14,430,702,789,1061,1572,171140,2011,8.7
렉서스,RX350h 5세대,14,7192,7646,8550,9120,9542,27313,2025,88.5
벤츠,GLS-클래스 X166,14,2850,2990,3265,3546,4076,145967,2017,24.3
캐딜락,XT6,13,3418,3799,4350,5139,5261,60826,2022,52.2
BMW,M2 (F87),13,3278,3550,4169,4790,5838,96000,2018,57.2
BMW,1시리즈 (E82),13,405,450,650,750,790,186952,2011,13.6
캐딜락,CTS 2세대,13,223,310,350,1030,1082,145250,2011,10.8
KG모빌리티(쌍용),무쏘 스포츠 칸 (Q250),13,3056,3150,3390,3599,3644,9113,2025,88.5
크라이슬러,더 뉴 300C,13,556,690,750,820,950,140226,2015,20.5
캐딜락,CTS 3세대,13,791,850,929,1150,1552,94801,2015,17.3
렉서스,LS500h 5세대,13,4058,4690,5799,8400,10360,99498,2018,41.1
기아,로체 이노베이션,13,234,299,300,340,374,156380,2010,15.1
푸조,508 2세대,13,1254,1310,1650,2000,2539,73154,2020,39.8
혼다,시빅,13,414,700,790,1690,3379,104965,2013,31.8
마세라티,그레칼레,13,6180,6550,6990,7699,8099,21350,2023,58.0
렉서스,LM 2세대,12,15570,16425,16935,17725,18430,19525,2025,97.9
랜드로버,레인지로버 스포츠,12,680,847,940,1175,1514,165628,2010,9.2
렉서스,IS250,12,504,568,599,682,968,133396,2008,13.2
크라이슬러,200 2세대,12,334,387,475,499,589,116210,2015,13.0
페라리,F8 스파이더,12,33290,36350,37750,39024,40809,9424,2021,95.7
아우디,R8,12,4930,5949,6369,7999,10699,76090,2012,34.4
렉서스,LS500 5세대,12,3496,3812,6369,8287,11028,65451,2021,48.9
BMW,X3M (G01),12,4919,5324,6470,7342,8490,36333,2021,55.6
도요타,프리우스 5세대,12,3246,3435,3645,3775,4075,14517,2024,79.0
롤스로이스,레이스,12,15098,17872,25300,28475,29900,32946,2017,52.9
푸조,3008,12,281,335,379,455,488,148308,2014,7.3
KG모빌리티(쌍용),무쏘 스포츠 (Q250),12,2760,2880,3174,3227,3439,5862,2026,88.9
아우디,Q2,12,2657,2772,3095,3675,3786,32890,2023,73.1
인피니티,G25,12,257,342,382,460,571,137366,2011,9.1
기아,K3 쿱,12,422,472,490,528,656,126732,2014,24.7
기아,프라이드(신형),12,190,196,315,357,443,98708,2007,24.9
도요타,시에나,12,1282,1495,1724,2210,2741,91492,2016,35.5
인피니티,M37,12,350,380,455,612,629,154021,2011,7.7
BMW,2시리즈 (G42),11,5290,5399,5540,5649,5750,27340,2023,73.0
BMW,3시리즈,11,450,610,1250,1725,3490,200000,2002,15.7
벤츠,C-클래스,11,670,724,999,1595,2100,150080,2003,22.9
기아,프라이드,11,290,335,450,540,780,160080,1997,80.6
롤스로이스,팬텀,11,17000,29000,43900,61450,79000,29000,2018,63.9
링컨,노틸러스 2세대,11,4780,4875,5150,5235,5325,32687,2024,65.6
BMW,i8,11,5490,5919,6790,7775,8900,73740,2016,33.9
마세라티,그란투리스모,11,2600,3574,4000,4700,6650,69500,2016,22.1
볼보,V40 크로스컨트리,11,760,955,1300,1374,1399,90665,2019,30.7
인피니티,QX50 (P71A),11,1630,1690,1760,2075,2170,93820,2019,34.1
폭스바겐,시로코,11,650,775,1050,1290,1499,149085,2013,23.3
벤틀리,컨티넨탈 GT 1세대,11,2090,2445,2560,2900,3350,82461,2007,9.6
벤츠,SL-클래스,11,1350,1850,2200,3100,3500,116000,2004,9.6
폭스바겐,아틀라스,11,5050,5149,5250,5520,5700,8938,2025,78.4
렉서스,NX450h+ 2세대,11,4700,5295,5800,6270,7200,25349,2024,77.3
지프,컴패스,11,420,435,550,795,850,95000,2014,17.7
BMW,X6M (F16),11,3200,3320,3550,4044,4530,93869,2017,22.6
랜드로버,프리랜더2,10,445,505,580,665,685,166634,2011,9.8
렉서스,RX450h 4세대,10,4581,4784,5324,5961,6290,75431,2020,62.1
폭스바겐,폴로,10,537,644,709,780,954,71864,2014,27.3
닷지,챌린저,10,5390,5841,7100,9250,10830,58074,2018,
인피니티,G37,10,340,449,875,1187,1300,149336,2009,12.4
현대,갤로퍼,10,681,807,1100,2362,3098,191373,1995,60.9
현대,더 뉴 그랜저 (GN7),10,2928,3120,4185,5167,5503,20,2027,87.4
쉐보레,서버밴,10,1235,1317,1885,3302,6540,149477,2013,
볼보,V60 크로스컨트리,10,843,982,1185,1455,1516,131280,2016,21.5
볼보,V60,10,512,541,640,925,1291,143723,2015,15.9
현대,투스카니(신형),10,386,392,420,497,561,132083,2007,27.6
아우디,R8 (4S),10,9384,12516,16400,18092,18350,33155,2020,55.7
르노코리아(삼성),뉴SM5,10,157,172,194,222,234,127986,2007,9.0
미니,쿠퍼 S 컨버터블 4세대,9,3896,3980,4250,4550,4957,7927,2025,78.9
폭스바겐,뉴 비틀,9,271,330,399,499,745,117569,2007,13.9
현대,그랜저,9,522,670,890,890,1600,199365,1990,
아우디,RS3 (8Y),9,6046,7300,7800,8250,8380,6409,2025,92.1
아우디,A6 e-트론,9,7340,7400,7700,7800,8018,6617,2025,77.0
닛산,맥시마 (A36),9,766,820,900,990,1278,133092,2017,22.8
벤츠,B-클래스 W245,9,282,350,390,459,484,140135,2011,10.3
미니,쿠퍼 SD,9,471,500,590,850,920,115119,2012,15.5
벤츠,M-클래스 W164,9,356,530,600,700,1080,209666,2008,7.2
도요타,FJ 크루져,9,2637,2950,3990,4500,4826,112359,2013,80.2
도요타,프리우스 C,9,1106,1190,1220,1270,1364,96882,2018,49.3
벤틀리,플라잉스퍼 1세대,9,1384,1760,2499,2900,3050,116588,2010,8.1
포드,퓨전,9,394,450,499,499,549,99509,2013,12.8
페라리,SF90 스파이더,9,54998,56000,57900,58000,74800,3500,2023,
렉서스,ES350,9,506,550,680,830,870,135294,2009,11.4
현대,뉴 그랜저 XG,9,270,333,350,390,506,143958,2004,13.8
벤츠,EQC N293,9,3179,3390,3490,3699,3794,68694,2020,36.1
현대,i30 cw,9,336,349,360,390,440,113977,2009,23.3
BMW,M3 (E90),9,2479,2599,3150,4350,6418,169800,2013,39.2
BMW,M5 (F90),9,5990,7190,8550,8950,9940,91529,2020,54.2
렉서스,LX 4세대,8,17960,20225,22175,24000,24300,4299,2025,118.0
페라리,포르토피노,8,16740,16875,20350,24100,30459,22017,2019,65.0
벤츠,S-클래스,8,533,625,919,1580,2465,195335,1999,11.5
벤틀리,컨티넨탈 GT 4세대,8,41000,41000,43500,45625,46450,3166,2025,112.6
포르쉐,카이맨,8,1940,2150,2774,3925,5830,104984,2011,32.3
혼다,CR-V 6세대,8,3491,3800,4249,4450,4507,18474,2024,82.2
지프,랭글러 (TJ),8,1052,1478,1694,2087,2650,156228,2001,63.2
페라리,296 GTS,8,43000,43750,47000,52225,54730,3826,2024,
캐딜락,CT4,8,2033,2235,2370,2457,2515,50921,2020,46.5
KG모빌리티(쌍용),체어맨 H 뉴 클래식,8,273,287,310,434,449,147523,2013,8.7
KG모빌리티(쌍용),액티언 스포츠,8,247,268,369,400,439,122344,2011,15.9
미니,에이스맨 1세대,8,3550,3550,3850,4125,4500,5009,2025,70.5
포드,익스페디션,8,2770,3310,3700,4260,4788,104516,2021,45.5
BYD,씨라이언 7,8,3200,3417,3810,3850,3850,12795,2026,80.9
사브,9-3 2세대,8,460,512,1090,1424,1545,148185,2008,15.5
BMW,5시리즈,8,690,1082,1250,1450,2799,189619,1997,10.9
현대,다이너스티,8,344,350,360,516,578,152965,2003,14.2
기타 제조사,기타,8,296,314,335,474,712,12041,2020,
아우디,SQ5,8,1790,1835,1875,1960,1992,126916,2015,21.6
아우디,Q6 e-트론 (GF),8,6144,6345,6420,7242,9290,16812,2025,78.9
현대,뉴 그랜저,7,390,460,530,733,865,73644,1996,26.0
아우디,S4 (B9),7,4190,4320,4490,4840,5153,38492,2022,56.5
아우디,S7,7,1450,1474,1590,1974,2190,116007,2013,13.9
푸조,e-2008 2세대,7,1974,2010,2350,2623,2846,24822,2023,44.8
미니,쿠퍼 SD 클럽맨,7,905,1124,1599,1920,2210,84862,2019,31.3
페라리,296 GTB,7,32200,33500,35000,36750,38080,4300,2023,88.4
벤츠,SLC-클래스 R172,7,2479,2579,2750,2950,3348,61558,2017,40.3
포드,포커스,7,402,500,560,635,790,65329,2015,18.5
도요타,아발론 5세대,7,2480,2525,2650,2910,3322,92842,2019,59.9
렉서스,UX300h,7,3788,4000,4300,4365,4508,25566,2025,80.5
BMW,M5 (F10),7,2110,2394,3799,4145,4894,115000,2015,24.4
BMW,7시리즈,7,422,520,850,1050,1210,211053,2001,7.5
폴스타,폴스타 4,7,5520,6133,6790,6795,7020,8872,2026,92.4
동풍소콘,C35,7,774,855,970,1024,1090,11278,2023,
BMW,7시리즈 (E65),7,390,425,750,1400,3000,146282,2007,9.0
재규어,XJ-8,7,979,1224,1599,2190,2600,135831,2004,11.7
KG모빌리티(쌍용),렉스턴 II,7,187,215,250,329,400,188824,2008,8.2
현대,티뷰론,7,722,890,990,1245,1814,141051,1999,83.5
BMW,2시리즈 (F22),7,886,990,1029,1405,1888,200405,2015,25.0
볼보,C40 리차지,7,3283,3515,3700,4045,4300,40906,2023,57.7
현대,투싼,7,253,294,299,349,395,136978,2006,16.4
BMW,iX1 (U11),7,4088,4285,4490,4590,4920,21700,2024,65.0
벤츠,AMG GT C192,7,18720,18800,18875,19471,20065,2917,2025,93.3
벤츠,E-클래스 W210,6,640,682,695,774,859,188543,2001,10.3
볼보,XC90,6,370,484,589,672,749,212638,2007,8.1
닛산,패스파인더 4세대,6,780,840,960,1417,1865,118978,2015,22.7
르노코리아(삼성),조에,6,915,1067,1370,1530,1615,54162,2021,30.5
KG모빌리티(쌍용),뉴체어맨,6,274,311,385,450,725,72915,2006,8.9
KG모빌리티(쌍용),뉴카이런,6,280,290,295,337,374,148688,2009,11.7
인피니티,EX35,6,385,432,549,585,620,118874,2011,9.3
아우디,뉴 TT,6,689,784,825,910,990,153952,2008,13.2
아우디,RS5,6,1997,2154,2344,2572,3450,131819,2014,23.8
닛산,무라노 (Z52),6,1295,1410,1445,1547,1689,118038,2016,26.9
푸조,208,6,370,450,455,610,715,82539,2015,20.9
푸조,2008 2세대,6,1535,1747,1845,2047,2135,51200,2021,50.8
아우디,S5 (F5),6,4425,4597,5240,5995,6360,53972,2022,60.7
르노코리아(삼성),SM7,6,214,230,240,250,270,148422,2007,8.4
현대,NF 쏘나타,6,242,255,275,280,287,135922,2007,12.7
쉐보레,콜벳,6,4900,5715,7830,12000,14700,84701,2016,
아우디,RSQ8 (4M),6,7135,9650,10995,16960,19575,28237,2022,68.9
푸조,308 2세대,6,420,485,532,553,965,126412,2015,18.6
BYD,아토 3,6,2675,2682,2755,2827,2845,16736,2025,82.8
포드,이스케이프,6,374,419,500,617,655,119165,2014,10.8
도요타,하이랜더 4세대,6,6250,6401,6677,7099,7200,27469,2024,95.5
테슬라,사이버트럭,6,13635,13767,14399,18325,19750,14669,2024,121.9
현대,뉴 EF 쏘나타,6,189,211,270,296,324,92067,2003,17.8
혼다,파일럿 4세대,6,4935,5060,5350,5437,5550,23406,2023,76.1
BMW,M3 (F80),6,4340,4800,5150,5537,5925,91489,2016,45.2
현대,아반떼 쿠페,6,465,550,585,665,704,132329,2014,30.5
재규어,XJ-6,6,1000,1165,1579,1687,4750,175729,2000,30.3
폭스바겐,ID.5,6,3880,3892,4005,4094,4274,19712,2024,73.0
도요타,타코마,6,4790,5125,5685,5930,6075,74836,2017,
도요타,캠리 (XV80),6,4191,4312,5075,5612,5770,6464,2025,95.3
폭스바겐,티구안,6,389,390,440,535,565,152843,2011,10.7
포드,F350,5,1890,1950,2790,5390,9836,55830,2011,
재규어,New XJ,5,684,750,1350,2250,2994,164177,2007,13.5
도요타,86,5,2314,2500,2650,2750,3079,48081,2017,60.8
볼보,C30,5,284,290,330,399,423,164897,2011,9.0
현대,더 뉴 아이오닉 일렉트릭,5,1602,1800,1900,1950,2040,84882,2020,41.0
벤츠,CLK-클래스 C209,5,645,669,680,690,875,138441,2005,8.0
BMW,X5 (E53),5,418,550,630,980,992,248335,2003,8.0
현대,스타렉스 점보,5,308,320,330,350,362,113274,2006,19.3
르노코리아(삼성),SM3 뉴 제너레이션,5,190,190,220,230,260,115501,2008,16.1
링컨,뉴 MKX,5,449,479,680,690,696,99753,2013,10.7
닛산,엑스트레일,5,1369,1399,1450,1590,1626,100478,2018,
푸조,e-208 2세대,5,1646,1880,2270,2370,2376,39138,2022,42.0
기아,쏘울 부스터 EV,5,1435,1490,1577,1850,1874,107829,2019,32.8
아우디,S7 (4K),5,5746,6190,6300,7000,7594,60000,2021,55.3
롤스로이스,던,5,27700,29500,33500,36900,42900,27000,2019,75.0
롤스로이스,스펙터,5,55700,56000,56000,58500,59100,5000,2024,91.8
현대,마르샤,5,258,270,360,390,395,109765,1997,21.8
아우디,S8 (D5),5,8160,8400,8990,23700,23700,44500,2021,68.9
기아,포르테 해치백,5,314,350,388,420,462,89734,2011,24.5
도요타,캠리,5,598,700,749,769,844,96698,2011,19.2
포드,트랜짓,5,2854,2950,4700,7900,9640,29430,2018,
렉서스,뉴 ES350,5,1366,1390,1450,2100,2214,86837,2014,29.0
도요타,GR86,5,3714,3750,4150,4400,4850,5765,2024,93.2
BMW,6시리즈 (E63),5,1000,1099,1150,1290,1295,163016,2008,6.8
지프,어벤저,5,2982,3270,3300,3350,3650,9803,2024,58.9
크라이슬러,그랜드 보이저,5,711,880,890,950,962,141036,2014,14.4
도요타,툰드라,5,3900,6300,6660,8500,9310,46904,2017,
인피니티,JX35,5,562,700,739,780,791,130000,2013,10.0
람보르기니,아벤타도르,5,48400,49000,49000,68000,71000,12600,2019,89.1
닷지,다코타,5,846,990,1180,1500,1608,123000,2007,24.6
도요타,프리우스,5,678,750,930,1050,1068,97336,2014,27.2
기아,엘란,5,902,1100,1150,1400,1754,174228,1997,47.4
아우디,S8,5,1530,1890,1999,2150,2779,159669,2013,11.8
현대,아반떼,4,229,242,250,250,250,122630,1996,30.8
BYD,돌핀,4,2450,2450,2490,2592,2705,1340,2026,104.2
BMW,M6 (F12),4,2590,2950,3670,4317,4546,116738,2016,18.6
렉서스,RX450h,4,1353,1447,1525,1560,1578,198893,2011,16.6
포드,E-Series,4,1449,1597,1700,1927,2301,159242,2003,
포드,쿠가 2세대,4,606,660,695,787,945,137151,2016,18.0
렉서스,RX500h 5세대,4,9999,10449,10700,11400,12660,6850,2024,94.1
재규어,I-PACE,4,3155,3402,3620,3712,3735,79070,2019,29.0
렉서스,뉴 IS200t,4,2050,2050,2160,2359,2521,85726,2016,41.8
혼다,HR-V,4,1008,1035,1115,1285,1474,105975,2016,37.8
페라리,F8 트리뷰토,4,31500,31500,31750,32125,32350,8662,2022,90.6
페라리,488 스파이더,4,21920,22550,23450,24575,25610,40650,2017,62.3
페라리,SF90 스트라달레,4,39600,40500,44750,51350,56480,8055,2021,73.6
랜드로버,디스커버리 3,4,820,865,945,1050,1140,228010,2006,13.1
렉서스,LS600hL,4,1250,1340,1670,2037,2195,200267,2011,9.6
BMW,X6M (E71),4,1353,1434,1490,1665,1962,165992,2010,9.9
미니,쿠퍼 S 쿠페,4,517,602,765,982,1167,116704,2012,19.2
재규어,다임러,4,1628,1835,2360,2990,3386,198808,2004,16.2
아우디,e-트론 GT,4,7024,7362,7575,8145,9128,64304,2022,49.5
아우디,RS7 (4K),4,10195,10712,13749,16674,16989,32111,2023,77.1
기아,더 뉴 쏘울,4,644,725,875,982,987,136225,2017,41.5
아우디,RS6 (C8),4,12899,14249,16249,17500,17500,17838,2024,89.0
닛산,무라노,4,208,266,299,370,496,187173,2010,6.7
닛산,350Z,4,1167,1567,2060,2622,3149,162180,2003,
푸조,308 3세대,4,2217,2257,2465,2785,3028,54687,2023,59.8
볼보,XC40 리차지,4,3574,3687,4150,4862,5425,15210,2024,66.0
기아,K3 유로,4,508,535,565,582,587,115664,2014,29.2
현대,뉴 아반떼 XD,4,213,217,235,277,327,94484,2004,23.7
인피니티,FX35,4,644,673,745,822,863,143074,2009,10.3
인피니티,QX30,4,1250,1340,1420,1500,1590,82154,2019,31.7
벤틀리,뮬산,4,9833,11097,11850,12375,13230,81134,2016,24.0
벤츠,SEL/SEC,4,1889,1947,2440,4297,6813,156299,1990,
폭스바겐,투아렉,4,668,920,1329,1699,1879,185592,2006,10.8
인피니티,QX70,4,1853,2204,2399,2537,2785,106052,2017,29.9
쉐보레(GM대우),말리부,4,210,255,365,470,506,142144,2014,
사브,9000,4,622,671,949,1200,1200,204218,1996,
렉서스,뉴 IS250,4,1390,1390,1475,1592,1651,100542,2014,30.8
아우디,A1,4,805,814,869,937,969,112891,2015,24.5
볼보,EX30 크로스 컨트리,4,4200,4200,4250,4350,4440,3284,2026,80.9
기아,뉴카니발,4,262,267,315,402,479,148149,2008,13.5
기아,봉고III 미니버스,4,441,537,683,825,912,305601,2005,
쉐보레,타호,4,1268,1385,1459,1574,1763,187000,2007,
렉서스,뉴 GS350,3,844,910,1020,1232,1360,124805,2013,15.6
렉서스,RX350 4세대,3,3197,3344,3590,3680,3734,97158,2018,
도요타,프리우스 프라임,3,1790,1820,1870,2000,2078,119994,2017,40.0
인피니티,QX50,3,908,950,1020,1175,1268,88079,2016,20.6
도요타,프리우스 V,3,1379,1424,1499,1589,1643,89728,2015,38.9
렉서스,뉴 GS450h,3,2742,2820,2950,3050,3110,106341,2017,35.3
인피니티,M56,3,970,1000,1050,1120,1162,180474,2011,12.6
인피니티,Q60 (CV37),3,2433,2559,2770,2775,2778,69298,2018,38.2
렉서스,LS430,3,898,970,1090,1170,1218,126813,2004,9.6
미니,쿠퍼 S 로드스터,3,771,894,1099,1174,1219,102005,2013,22.6
혼다,N-BOX,3,1484,1565,1700,1725,1740,111658,2015,
혼다,어코드,3,223,259,320,360,384,151276,2007,8.3
현대,프레스토,3,610,692,830,1165,1366,119000,1988,
현대,포니투,3,815,884,999,1749,2199,178118,1987,
현대,아반떼 XD,3,256,291,349,424,469,79052,2002,37.4
BMW,M8 (G15),3,9118,10315,12310,14105,15182,32000,2021,50.2
렉서스,GS300,3,282,285,290,320,338,225388,2006,4.3
렉서스,GS350,3,450,465,490,570,618,128025,2009,7.1
렉서스,NX300,3,2566,2875,3390,4120,4558,73437,2018,56.9
랜드로버,디펜더,3,8320,8800,9600,9900,10080,26250,2004,
크라이슬러,뉴 세브링,3,267,324,420,520,580,119308,2008,10.8
캐딜락,XT4,3,3339,3399,3500,3525,3540,30654,2023,58.7
캐딜락,CT5,3,2190,2325,2550,2650,2710,75757,2020,41.7
페라리,488 GTB,3,24560,24650,24800,25150,25360,20300,2018,
도요타,수프라 5세대,3,6962,7220,7650,7675,7690,32303,2023,96.2
도요타,bB,3,1112,1295,1600,1675,1720,159250,2001,
쉐보레,아발란치,3,1280,1475,1800,2090,2264,165000,2007,
벤츠,GL-클래스 X166,3,2521,2569,2649,4889,6233,91913,2014,
기아,로체 어드밴스,3,234,240,250,252,254,144465,2008,13.7
쉐보레,아스트로밴,3,782,800,830,845,854,206048,1997,
기아,더 뉴 니로 2세대,3,3016,3355,3920,4035,4104,244,2027,
푸조,308SW,3,326,380,470,480,486,122390,2013,11.6
닛산,알티마 (L34),3,1434,1455,1490,1539,1569,76595,2019,43.5
아우디,S6 (C8),3,5640,5700,5800,6390,6744,46966,2022,54.9
기아,캐피탈,3,594,660,770,1135,1354,161231,1994,
푸조,206CC,3,399,414,438,569,647,103000,2007,15.7
아우디,TT (8S),3,2290,2740,3490,3644,3737,56878,2016,52.7
현대,ST1,3,4191,4194,4199,4244,4271,20144,2025,68.0
아우디,A6 (C9),3,5472,6720,8800,9091,9265,400,2026,90.9
기아,더 뉴 K3 쿱,3,608,620,640,809,911,114513,2017,32.6
링컨,MKT,3,974,980,990,1070,1118,99962,2014,
르노코리아(삼성),세닉,3,3412,3745,4300,4325,4340,11700,2026,71.5
볼보,S40,3,198,210,230,235,238,160997,2008,5.7
쉐보레,기타,3,2190,2700,3550,6020,7502,42000,2012,
KG모빌리티(쌍용),더 뉴 티볼리 에어,3,1870,1900,1950,2050,2110,39665,2024,77.1
쉐보레(GM대우),뉴 볼트 EV,3,1859,1888,1937,2313,2539,29618,2022,50.1
KG모빌리티(쌍용),무쏘 스포츠 (Q260),3,2390,2607,2970,3215,3362,34512,2025,83.5
KG모빌리티(쌍용),체어맨,3,386,410,450,725,890,60032,2002,13.9
현대,베르나 트랜스폼,3,244,280,340,345,348,123116,2010,24.5
BMW,Z3,3,1260,1650,2300,2390,2444,190000,2000,35.5
현대,베르나(신형),3,199,199,199,274,319,105837,2008,18.0
BMW,X5M (F15),3,3258,3345,3490,3895,4138,117479,2015,23.2
미니,쿠퍼 컨트리맨 일렉트릭 3세대,3,3820,3850,3900,3950,3980,4040,2025,68.8
미니,쿠퍼 쿠페,3,384,435,520,579,615,151348,2012,13.5
현대,쏘나타 II,3,263,269,279,299,311,112052,1995,23.0
벤츠,CL-클래스 C216,3,1050,1140,1290,2745,3618,207893,2007,20.5
