제조사,모델,매물수,최저(P10),P25,중앙값(P50),P75,최고(P90),중앙주행km,중앙연식,평균잔존율
기아,카니발 4세대,3877,2080,2350,2700,3150,3590,73960,2022,67.6
기아,쏘렌토 4세대,2209,2129,2399,2699,3070,3390,76948,2021,72.0
제네시스,G80 (RG3),2182,2780,3150,3630,4299,5345,67352,2022,65.6
제네시스,GV80,2176,3394,3960,4750,5700,6555,57477,2022,70.8
현대,팰리세이드,2152,2090,2350,2620,2950,3290,79227,2021,60.8
현대,더 뉴 그랜저 IG,2047,1699,1950,2200,2480,2680,82482,2021,61.6
현대,그랜저 HG,1893,398,480,590,720,859,148595,2014,19.2
현대,그랜저 IG,1772,950,1150,1370,1588,1790,120869,2018,40.8
기아,올 뉴 카니발,1705,740,890,1090,1320,1550,149445,2016,30.5
현대,그랜드 스타렉스,1581,530,670,865,1090,1299,144229,2016,37.5
현대,더 뉴 싼타페,1395,1950,2190,2450,2750,3030,72209,2021,68.0
기아,더 뉴 카니발,1352,1129,1398,1690,1950,2250,109666,2019,43.0
기아,더 뉴 레이,1330,690,799,980,1199,1349,67944,2021,69.7
기아,K5 3세대,1306,1550,1720,1950,2300,2845,68408,2021,73.5
제네시스,GV70,1303,2990,3375,3750,4350,5050,51252,2022,75.2
벤츠,E-클래스 W213,1293,2100,2500,3350,4250,4999,68816,2021,43.6
현대,아반떼 (CN7),1262,1290,1489,1690,1899,2200,65974,2021,76.8
제네시스,G80,1261,1099,1350,1650,1950,2280,127526,2018,29.8
현대,쏘나타 (DN8),1243,1259,1420,1630,1890,2237,84217,2021,62.3
현대,아반떼 AD,1200,670,770,890,1050,1180,110505,2017,50.2
현대,스타리아,1193,2100,2449,2777,3280,3939,53520,2023,83.0
기아,올 뉴 K7,1084,812,927,1130,1320,1490,124932,2017,34.7
현대,캐스퍼,1075,1139,1270,1450,1599,1730,46336,2023,83.4
현대,올 뉴 투싼,1075,890,1030,1270,1550,1730,105881,2018,50.2
기아,모하비 더 마스터,1067,2455,2790,3190,3650,4250,76881,2021,60.2
기아,더 뉴 카니발 4세대,1053,3041,3650,4120,4790,5890,24014,2025,87.3
르노코리아(삼성),SM6,1017,490,580,689,820,970,112725,2016,25.3
현대,싼타페 TM,1004,1590,1720,1892,2130,2314,96799,2019,57.3
기아,셀토스,998,1430,1590,1782,1980,2150,72413,2021,75.1
기아,스포티지 5세대,993,1940,2120,2400,2690,2950,60976,2022,80.8
르노코리아(삼성),더 뉴 QM6,910,1258,1390,1630,1940,2411,69877,2021,58.5
현대,더 뉴 그랜드 스타렉스,900,1150,1367,1620,1890,2252,98352,2019,61.7
기아,올 뉴 쏘렌토,897,890,1020,1190,1350,1499,140113,2016,37.6
BMW,5시리즈 (G30),886,2150,2535,3250,3950,4485,73816,2021,45.5
기아,올 뉴 모닝,859,299,350,400,470,530,102741,2013,37.7
현대,제네시스 DH,850,730,850,1040,1230,1380,152110,2016,19.7
현대,싼타페 DM,827,620,730,850,975,1100,146320,2014,27.6
기아,레이,815,420,499,599,730,850,119464,2014,43.6
현대,투싼 (NX4),807,1829,2000,2280,2494,2699,62815,2022,77.0
기아,더 뉴 쏘렌토,792,1390,1580,1770,1980,2150,102985,2019,54.2
기아,더 뉴 쏘렌토 4세대,755,2896,3350,3850,4290,4786,21907,2024,88.8
기아,더 뉴 기아 레이,743,1172,1385,1590,1730,1879,26885,2023,92.9
기아,K8,735,1830,2100,2350,2610,2886,64812,2022,65.5
현대,더 뉴 팰리세이드,727,2895,3290,3650,4090,4660,47027,2023,76.1
현대,그랜저 (GN7),694,2373,2799,3090,3399,3799,44313,2023,74.4
현대,싼타페 더 프라임,685,943,1080,1220,1370,1500,127501,2016,38.8
현대,LF 쏘나타,679,570,690,830,960,1099,133166,2016,33.6
제네시스,G70,656,1485,1699,1950,2250,2510,94577,2019,45.2
제네시스,EQ900,654,1152,1400,1699,1999,2299,159923,2016,18.9
기아,스포티지 4세대,642,800,922,1090,1259,1400,119948,2017,42.7
KG모빌리티(쌍용),토레스,640,1840,1980,2170,2299,2450,41399,2023,69.2
기아,올 뉴 모닝 (JA),639,590,699,800,890,980,75672,2018,65.8
KG모빌리티(쌍용),렉스턴 스포츠,633,1189,1300,1490,1670,1840,101433,2019,50.8
현대,싼타페 (MX5),628,2857,3200,3590,3890,4099,26212,2024,80.2
현대,아반떼 MD,612,329,379,429,490,558,123492,2012,25.8
현대,코나,596,1060,1190,1365,1500,1650,88217,2018,59.6
현대,더 뉴 그랜저 IG 하이브리드,593,1922,2120,2450,2710,2929,90642,2022,58.2
제네시스,G90,587,2350,2699,3090,3574,4099,121804,2019,33.6
KG모빌리티(쌍용),티볼리,586,490,581,680,790,890,108722,2016,31.4
기아,올 뉴 K3,574,900,1059,1199,1360,1490,80241,2019,63.4
기아,K7 프리미어,569,1569,1720,1920,2120,2299,87559,2020,55.8
르노코리아(삼성),QM6,567,787,890,1040,1200,1350,110266,2018,34.0
제네시스,G90 (RS4),559,4700,5599,6530,7470,8502,66316,2023,67.2
벤츠,S-클래스 W222,557,2299,2770,3699,4690,6184,136389,2016,22.2
르노코리아(삼성),XM3,547,1080,1225,1430,1790,2150,58856,2021,62.8
현대,에쿠스(신형),545,390,490,630,820,1050,176847,2012,8.0
KG모빌리티(쌍용),베리 뉴 티볼리,544,1050,1170,1290,1442,1560,61653,2021,60.9
KG모빌리티(쌍용),더 뉴 렉스턴 스포츠 칸,536,1999,2237,2490,2750,2990,55055,2022,67.5
기아,K3,534,403,470,550,628,699,116287,2014,30.2
현대,아이오닉5,525,2190,2600,2970,3320,3708,75437,2022,52.4
벤츠,S-클래스 W223,509,7340,8295,9950,13250,16831,48301,2022,56.9
기아,더 뉴 모닝,507,393,460,550,630,680,92962,2016,47.0
벤츠,GLE-클래스 W167,506,5145,6285,7500,9686,11140,49079,2022,61.9
벤츠,GLC-클래스 X253,502,2349,2790,3594,4399,5215,67549,2020,46.1
현대,더 뉴 아반떼 (CN7),499,1650,1935,2280,2550,2954,21211,2024,87.1
기아,스포티지 더 볼드,490,1290,1422,1599,1753,1900,91056,2019,60.8
기아,더 뉴 셀토스,461,2016,2290,2490,2780,3150,28169,2024,93.9
KG모빌리티(쌍용),코란도 스포츠,460,360,463,570,690,850,146529,2015,23.4
KG모빌리티(쌍용),뷰티풀 코란도,457,1090,1300,1500,1720,1880,61724,2021,57.2
KG모빌리티(쌍용),티볼리 에어,456,540,650,830,1050,1394,98681,2017,39.1
기아,더 뉴 K3 2세대,455,1284,1450,1700,1990,2309,55982,2022,84.2
현대,더 뉴 아반떼,437,430,499,580,660,730,110436,2015,32.0
아우디,A6 (C8),432,2820,3050,3499,3899,4490,52144,2021,48.9
기아,더 K9,429,1590,1839,2190,2500,2850,120301,2019,34.1
기아,더 뉴 모하비,427,1011,1297,1500,1690,1943,144254,2017,32.0
기아,K5 2세대,413,599,709,850,980,1098,127410,2016,34.4
현대,더 뉴 아반떼 AD,410,889,1020,1190,1300,1430,87197,2019,69.0
현대,그랜저 하이브리드 (GN7),409,2770,3230,3660,4090,4370,36998,2023,73.6
KG모빌리티(쌍용),올 뉴 렉스턴,406,2195,2449,2690,2890,3090,69779,2021,59.0
KG모빌리티(쌍용),더 뉴 렉스턴 스포츠,404,1790,1999,2290,2550,2799,55455,2022,69.1
현대,쏘나타 뉴 라이즈,398,759,899,1100,1350,1490,122647,2018,45.7
기아,K8 하이브리드,394,2273,2499,2800,3099,3420,65474,2023,65.4
기아,모하비,389,500,620,780,930,1090,184011,2014,17.8
BMW,3시리즈 (G20),387,2590,2790,3240,3935,4429,49211,2022,58.2
현대,제네시스,379,358,420,499,630,739,152268,2012,10.4
기아,더 뉴 K7,368,450,500,590,699,820,146368,2014,20.2
현대,엑센트(신형),365,320,399,465,580,699,117433,2014,34.2
기아,EV6,361,2290,2650,3090,3450,3690,74371,2022,51.9
기아,K5,355,339,390,455,530,620,143537,2012,19.1
KG모빌리티(쌍용),G4 렉스턴,353,1122,1270,1460,1700,1958,112935,2018,37.0
KG모빌리티(쌍용),티볼리 아머,351,650,790,950,1085,1199,80449,2018,43.6
현대,베뉴,350,1198,1381,1535,1796,2211,53101,2020,80.7
벤츠,C-클래스 W205,345,1384,1599,1990,2580,3280,78625,2018,35.8
기아,카니발 R,344,299,370,440,499,599,161621,2013,15.3
기아,모닝 어반 (JA),341,800,1029,1150,1280,1430,42932,2021,82.1
기아,스포티지 5세대 하이브리드,338,2299,2529,2790,3099,3315,54128,2023,76.2
포르쉐,카이엔 (PO536),329,6597,7890,9400,11500,14550,49000,2021,77.4
기아,디 올 뉴 니로,327,1749,1999,2350,2680,3039,62657,2022,74.8
기아,스팅어,322,1270,1399,1649,1850,2109,111140,2018,38.5
기아,K5 하이브리드 3세대,321,1650,1839,2050,2350,2510,75810,2022,63.0
KG모빌리티(쌍용),렉스턴 스포츠 칸,318,1390,1570,1750,1890,2092,89988,2020,52.5
BMW,X5 (G05),314,5550,6255,7140,8452,10646,52509,2022,65.1
현대,투싼 ix,311,359,420,475,530,590,157000,2012,19.3
기아,더 뉴 스포티지 R,310,550,630,730,826,890,139631,2014,29.1
현대,쏘나타 디 엣지(DN8),309,2039,2530,2850,3150,3451,29459,2024,88.3
기아,더 뉴 K5 3세대,306,2120,2592,2990,3268,3650,23853,2024,94.2
기아,더 뉴 K3,305,550,650,780,890,994,105188,2017,42.7
르노코리아(삼성),QM3,296,350,429,530,620,700,115307,2015,21.8
벤츠,CLS-클래스 C257,294,3273,3792,4550,5700,6400,66526,2021,44.4
KG모빌리티(쌍용),코란도 투리스모,290,350,431,569,776,1020,141288,2016,19.5
제네시스,더 뉴 G70,287,2473,2779,3090,3450,3850,49335,2021,72.6
현대,YF 쏘나타,286,280,329,370,430,490,135006,2011,16.2
벤츠,E-클래스 W212,284,599,767,990,1272,1449,120869,2014,15.0
기아,더 뉴 K9 2세대,282,2790,3180,3665,4171,4550,74587,2022,53.5
KG모빌리티(쌍용),뉴코란도 C,282,280,350,420,490,598,137625,2015,17.0
기아,더 뉴 K5 2세대,278,890,1002,1230,1450,1599,98395,2019,49.1
포드,익스플로러 6세대,277,2450,2690,3099,3590,4032,58203,2021,50.6
BMW,X7 (G07),275,6642,7045,7950,10140,12767,62997,2022,62.7
BMW,X6 (G06),270,5677,6299,7350,9150,11700,49544,2022,63.8
르노코리아(삼성),뉴SM3,266,177,217,259,300,350,116913,2011,14.9
BMW,6시리즈 GT (G32),265,3149,3790,4690,5290,6020,65376,2022,50.9
현대,그랜저 IG 하이브리드,261,1070,1350,1650,1890,2090,127780,2018,40.8
현대,팰리세이드 (LX3),258,3954,4700,5625,6150,6786,9724,2026,92.2
BMW,7시리즈 (G11),254,2502,3035,4389,5596,6478,109177,2020,28.3
현대,뉴 투싼 ix,253,490,599,699,790,888,139055,2014,28.3
기아,스포티지 R,248,440,499,570,672,750,137267,2012,23.6
BMW,5시리즈 (F10),246,599,750,999,1387,1625,146319,2014,15.4
기아,쏘렌토 R,237,380,450,520,590,670,155056,2011,17.8
기아,더 뉴 K5,234,433,529,620,727,850,146005,2014,27.1
르노코리아(삼성),SM3 네오,231,280,330,390,492,599,105239,2016,23.2
현대,베라크루즈,227,450,590,780,1060,1290,179242,2013,20.3
아우디,뉴 A6,226,650,850,1189,1499,1794,123249,2016,17.4
현대,쏘나타 하이브리드 (DN8),224,1505,1687,1965,2199,2437,76744,2022,58.9
벤츠,A-클래스 W177,223,1907,2190,2750,3450,4230,29328,2022,58.9
기아,니로,217,911,1050,1230,1390,1550,117617,2017,44.9
BMW,3시리즈 (F30),215,693,950,1250,1550,1791,120177,2016,24.0
벤츠,E-클래스 W214,214,4526,5850,6890,7999,10650,6183,2025,76.5
현대,벨로스터 (JS),210,899,1135,1299,1650,1953,87397,2019,51.7
르노코리아(삼성),그랑 콜레오스,210,2977,3262,3430,3650,3832,13856,2025,80.4
벤츠,GLB-클래스 X247,207,2926,3105,3630,4600,5890,45587,2021,61.5
현대,코나 (SX2),206,2085,2290,2510,2714,2890,26523,2024,86.4
KG모빌리티(쌍용),더 뉴 코란도 스포츠,206,610,782,920,1050,1175,122406,2017,34.4
르노코리아(삼성),SM5 노바,202,290,350,429,547,650,113594,2016,19.2
기아,뉴 쏘렌토 R,200,569,650,730,800,899,153516,2014,24.6
현대,쏘나타 더 브릴리언트,193,349,390,459,530,620,151942,2013,19.5
지프,랭글러 (JL),191,3420,3920,4450,5090,5590,49908,2021,64.4
BMW,X3 (G01),187,2996,3490,4179,4685,6064,63950,2021,59.0
르노코리아(삼성),뉴SM5 플래티넘,186,229,261,317,380,435,133491,2014,12.6
현대,투싼 하이브리드 (NX4),186,2090,2305,2559,2787,3000,63712,2022,72.7
BMW,X4 (G02),185,3549,3850,4300,4920,5696,53746,2022,62.6
포르쉐,파나메라 (971),184,6215,7267,9475,12650,14870,59143,2020,58.6
기아,더 뉴 니로,181,1480,1599,1750,1990,2150,77567,2020,63.1
BMW,5시리즈 (G60),180,3705,4732,5931,6700,7453,7603,2025,73.6
기아,스토닉,177,785,890,1050,1230,1354,86756,2018,52.5
미니,쿠퍼 S,174,883,1560,2165,2700,2990,47711,2020,44.8
현대,싼타페 CM,173,299,350,430,490,549,158885,2011,14.9
현대,더 뉴 맥스크루즈,172,1199,1296,1445,1590,1780,125750,2017,37.8
기아,더 뉴 모닝 (JA),172,1350,1487,1620,1750,1939,9478,2025,99.3
볼보,XC60 2세대,170,2868,3366,4185,4925,6350,52748,2021,59.9
르노코리아(삼성),SM7 노바,165,363,450,560,670,780,130035,2016,19.7
기아,스팅어 마이스터,161,2199,2450,2800,3179,3690,70168,2021,63.3
KG모빌리티(쌍용),렉스턴 W,158,370,450,560,672,793,152945,2014,17.2
현대,아이오닉6,155,2353,2779,3200,3455,3766,59512,2023,51.4
현대,더 뉴 코나,153,1456,1630,1870,2290,2650,55760,2021,75.4
현대,그랜저 HG 하이브리드,153,499,590,710,880,990,166010,2015,20.6
포드,익스플로러,146,794,1142,1425,1670,1854,101467,2017,24.7
벤츠,GLS-클래스 X167,142,7193,8477,10490,15917,22949,44524,2022,66.9
미니,쿠퍼,141,450,659,1230,1890,2390,65445,2019,37.7
볼보,S90,137,2350,3080,3750,4700,5840,47993,2022,54.1
현대,맥스크루즈,137,765,850,990,1099,1200,150303,2014,26.2
현대,아슬란,136,524,607,740,899,1050,147740,2015,18.9
기아,더 뉴 K5 하이브리드 3세대,135,2412,2790,2950,3150,3334,22011,2024,78.9
랜드로버,레인지로버 4세대,133,2774,3350,4190,5890,7974,118177,2016,24.2
지프,레니게이드,132,820,996,1314,1692,2100,70075,2019,35.3
기아,뉴모닝,129,168,190,220,260,295,104695,2010,25.6
볼보,XC90 2세대,129,2729,3420,4990,6450,7800,80347,2021,51.9
아우디,Q7 (4M),128,2678,3227,5197,6622,7745,73991,2021,52.5
현대,아반떼 하이브리드 (CN7),125,1399,1580,1750,1930,2136,74666,2022,66.3
현대,쏘나타 하이브리드,124,350,399,490,590,650,139570,2013,15.7
폭스바겐,골프 7세대,124,793,880,980,1097,1290,120120,2015,28.4
랜드로버,디스커버리 5,122,2103,2480,2890,5142,7499,92261,2019,36.7
르노코리아(삼성),뉴SM5(신형),122,180,202,250,290,350,134735,2011,10.3
BMW,1시리즈 (F40),121,2050,2280,2620,2950,3230,39412,2022,56.0
기아,더 뉴 K8 하이브리드,121,2950,3490,3990,4300,4650,15711,2025,81.2
BMW,7시리즈 (G70),119,9690,10457,11600,12789,13816,20401,2024,70.8
제네시스,GV80 쿠페,115,6266,6680,7099,7640,8260,20600,2024,83.8
포르쉐,마칸,113,2410,3080,3930,7590,9099,81021,2018,50.6
미니,쿠퍼 S 컨트리맨,113,2291,2750,3150,3420,3686,40337,2023,53.4
르노코리아(삼성),아르카나,112,1972,2090,2299,2523,2675,14832,2025,81.6
테슬라,모델 Y,112,3350,3850,4170,5112,5402,25574,2024,69.1
현대,쏘나타 디 엣지 하이브리드(DN8),112,2390,2827,2992,3265,3488,29063,2024,81.5
기아,쏘울,111,290,335,390,470,520,119600,2011,24.4
기아,올 뉴 프라이드,109,340,390,449,490,570,104084,2013,29.9
현대,i30 (PD),108,879,970,1150,1322,1559,95668,2018,52.2
기아,더 뉴 K8,106,2720,3332,3599,3957,4205,12860,2025,85.5
볼보,XC40,105,2150,2699,3100,3900,4356,37583,2021,62.3
기아,K9,105,499,599,700,830,978,169624,2013,11.7
기아,더 뉴 K9,105,650,809,970,1190,1390,162944,2016,17.8
아우디,Q5 (FY),104,3136,3680,4150,4607,5078,45802,2022,58.9
기아,EV3,104,1679,2352,3494,3935,4077,11523,2025,68.4
폭스바겐,아테온,102,1899,2092,2625,3150,3449,61276,2022,46.8
현대,벨로스터,101,363,390,469,540,630,118111,2012,22.9
현대,더 뉴 투싼 (NX4),101,1920,2500,2850,3100,3390,21250,2024,88.1
기아,K7 프리미어 하이브리드,100,1768,1940,2144,2407,2690,102999,2020,54.1
랜드로버,레인지로버 스포츠 2세대,98,2080,2334,3250,4429,5314,106332,2017,25.8
아우디,뉴 A4,97,505,590,700,860,990,123160,2015,14.7
BMW,X1 (F48),96,1824,2442,2760,3057,3285,53774,2021,52.1
랜드로버,디스커버리 4,96,1390,1590,2010,2792,3085,141889,2016,25.1
현대,i40 살룬,96,350,450,534,633,710,147051,2013,18.9
아우디,A4 (B9),96,1860,2000,2520,2912,3320,46751,2021,45.8
기아,디 올 뉴 니로 EV,94,2190,2550,2850,2917,2959,23836,2024,53.1
BMW,4시리즈 (F32),94,1066,1335,1790,2077,2431,106430,2016,27.4
기아,올 뉴 카렌스,94,400,499,600,715,806,147107,2014,28.1
벤츠,S-클래스 W221,94,590,750,880,1127,1471,154828,2009,5.9
현대,더 뉴 투싼 하이브리드 (NX4),93,2890,3280,3500,3700,3982,16619,2025,91.5
기아,타스만,93,3558,3850,4250,4800,5198,7490,2026,92.0
벤츠,C-클래스 W206,93,3832,4039,4380,4650,4951,34000,2023,64.9
현대,LF 쏘나타 하이브리드,92,651,750,925,1007,1199,135519,2016,28.5
현대,i30(신형),92,520,550,610,692,789,114624,2014,31.7
포르쉐,911 (992),92,13392,15292,18675,23575,29990,16353,2023,91.3
벤츠,CLA-클래스 C118,91,3117,3432,3870,4650,5250,28000,2023,65.3
링컨,에비에이터 2세대,90,3197,3592,4200,5014,6009,62291,2021,48.0
현대,제네시스 쿠페,90,350,395,505,667,825,148343,2010,18.6
현대,넥쏘,90,1348,1457,1810,2082,2350,82671,2022,24.4
마세라티,르반떼,90,2581,2882,3849,4837,6894,77065,2019,28.5
르노코리아(삼성),더 뉴 SM6,88,999,1299,1784,1982,2273,46159,2022,55.4
기아,K5 하이브리드,87,449,480,540,650,802,144898,2013,18.0
KG모빌리티(쌍용),액티언 2세대,86,2610,2692,2794,2996,3430,13435,2025,79.8
기아,더 프레스티지 K7,86,325,389,430,499,580,144419,2012,13.7
지프,체로키(KL),86,794,942,1385,1870,2150,78637,2019,28.6
기아,올 뉴 K7 하이브리드,85,938,1190,1320,1590,1786,141293,2018,34.4
랜드로버,디스커버리 스포츠,84,899,990,1099,1290,1578,113858,2017,18.3
BMW,5시리즈 GT (F07),84,630,788,939,1425,1680,160684,2013,14.2
아우디,Q8 (4M),83,5484,5789,6670,7730,8580,63280,2021,60.1
벤츠,AMG GT,83,5874,6670,8499,10375,12919,41189,2022,58.3
포르쉐,뉴 카이엔,83,1710,2270,2880,3469,3950,136971,2015,26.1
랜드로버,디펜더 (L663),83,5382,6875,8039,9739,10580,31471,2023,70.2
포르쉐,파나메라,83,1782,2095,2450,3275,3929,117376,2013,17.9
벤츠,EQB X243,82,3904,4367,5400,5700,6295,11393,2025,64.7
BMW,3시리즈 GT (F34),81,890,1040,1570,1950,2390,120764,2017,26.2
폭스바겐,뉴 티구안,81,690,750,830,950,1190,131274,2015,20.6
KG모빌리티(쌍용),더 뉴 토레스,81,2240,2399,2664,2840,3100,17118,2025,79.7
기아,더 뉴 스포티지 5세대,80,2749,3048,3650,4482,5380,9489,2025,103.2
아우디,A7 (4K),80,3789,4147,4659,5191,5981,62974,2021,49.7
KG모빌리티(쌍용),뉴 스타일 코란도 C,80,520,596,679,770,890,118496,2018,26.0
벤츠,GLA-클래스 X156,79,1172,1390,1599,1895,2056,96505,2018,31.8
르노코리아(삼성),마스터,79,1644,1920,2600,3095,3592,54102,2020,58.7
포르쉐,타이칸,78,9448,10922,13450,16234,20292,20056,2024,83.7
벤츠,GLC-클래스 X254,78,6509,6911,7465,8395,9228,11637,2025,85.7
마세라티,기블리,77,1208,1400,1900,3350,4350,88442,2017,19.6
기아,포르테,77,245,289,339,380,439,98678,2012,20.9
현대,아이오닉 하이브리드,75,724,799,960,1165,1275,136560,2016,37.7
아우디,A7,74,856,980,1250,1596,1850,134083,2014,14.6
르노코리아(삼성),뉴QM3,74,628,770,847,942,1043,85049,2018,34.4
현대,캐스퍼 일렉트릭,73,1881,2380,2750,2930,3038,13829,2025,85.4
폭스바겐,티구안 올스페이스,73,2499,2880,3190,3370,3569,38846,2023,60.7
랜드로버,레인지로버 이보크 2세대,73,2558,3350,4690,5150,5880,18917,2024,54.9
BMW,7시리즈 (F01),73,550,690,900,1250,1575,164537,2011,6.6
미니,쿠퍼 클럽맨,72,523,1097,1634,2017,2394,65101,2019,39.2
미니,쿠퍼 D,71,359,494,650,799,990,107414,2015,19.5
현대,쏠라티,71,2520,3265,4400,4850,5750,72077,2020,
현대,아반떼 HD,70,239,262,310,367,440,106997,2009,21.8
현대,더 뉴 캐스퍼,70,1617,1790,2184,2299,2400,4839,2025,107.3
지프,그랜드 체로키,70,748,1164,1565,1922,2390,117923,2017,21.9
기아,더 뉴 스포티지 5세대 하이브리드,69,2533,3098,3710,4000,4490,11856,2025,94.7
아우디,A5 (F5),69,2450,2740,3100,3590,3859,48475,2021,49.8
벤츠,GLA-클래스 H247,69,2766,2900,3420,4030,4550,40269,2021,56.1
KG모빌리티(쌍용),렉스턴 뉴 아레나,69,3078,3200,3490,3890,4108,29095,2024,72.8
테슬라,모델 3,69,2238,2550,2900,3450,4440,80000,2020,50.1
기아,더 뉴 기아 레이 EV,68,2041,2150,2260,2377,2490,24285,2024,76.1
현대,더 뉴 아반떼 하이브리드 (CN7),68,1954,2345,2520,2672,2929,13556,2025,83.9
랜드로버,레인지로버 이보크,68,1096,1185,1325,1590,1785,92881,2017,18.8
미니,쿠퍼 D 컨트리맨,68,464,520,650,960,1493,110000,2015,19.0
BMW,4시리즈 (G22),67,3626,4049,4599,5575,6504,40713,2023,70.3
BMW,1시리즈 (F20),67,637,895,1250,1440,1690,103930,2016,30.9
랜드로버,레인지로버 벨라,66,2745,3121,5750,7866,8264,49377,2021,49.2
포르쉐,718 박스터,66,4670,6015,9095,10500,12740,37656,2021,72.9
폭스바겐,티구안 2세대,66,1840,2012,2475,3537,4065,70633,2021,63.3
벤츠,CLE-클래스 C236,65,5042,6610,7390,8000,8648,9000,2025,84.3
현대,i40,64,350,457,584,700,811,154609,2013,19.8
KG모빌리티(쌍용),코란도 C,64,223,250,290,350,424,137986,2012,12.5
미니,쿠퍼 S 클럽맨,63,1073,2300,2640,3050,3272,48293,2022,45.7
BMW,X5 (F15),63,1832,2250,2780,3424,3546,127000,2016,26.5
르노코리아(삼성),All New SM7,63,251,297,340,380,448,137714,2012,10.1
르노코리아(삼성),QM5 네오,63,292,345,430,549,650,141147,2014,16.0
현대,코나 일렉트릭,62,1490,1597,1745,2015,2290,124985,2019,36.1
르노코리아(삼성),클리오,62,619,690,760,837,964,86915,2018,33.8
기아,K7,61,290,375,420,480,550,147802,2011,12.5
벤츠,CLS-클래스 W218,61,1070,1340,1620,2090,2980,105636,2016,17.6
현대,코나 하이브리드 (SX2),61,2300,2750,3060,3290,3400,17532,2025,90.1
닛산,알티마,61,400,520,680,850,940,93128,2017,20.9
인피니티,Q50,60,470,580,694,990,1208,149606,2016,16.5
랜드로버,디스커버리 스포츠 2세대,60,2583,3072,4134,4799,5015,16063,2024,53.3
벤츠,G-클래스 W463b,59,14559,15670,18900,21075,22900,33500,2021,81.5
KG모빌리티(쌍용),뉴체어맨 W,58,406,486,600,764,950,147181,2014,9.2
벤츠,GLE-클래스 W166,58,2378,2635,3165,3837,5060,125576,2017,29.0
혼다,오딧세이,57,1026,1622,2210,2750,4224,99847,2018,41.6
BMW,2시리즈 그란쿠페 (F44),57,2172,2320,2779,2950,3200,35308,2022,53.9
BMW,X6 (F16),57,1954,2250,2600,2980,3319,149658,2017,23.9
아우디,A8 (D5),57,4499,5150,5980,6990,7870,78180,2021,40.3
벤츠,EQA H243,57,3212,3490,4600,5300,6200,20241,2024,64.3
르노코리아(삼성),뉴QM5,57,246,299,390,470,508,128754,2013,14.4
KG모빌리티(쌍용),더 뉴 티볼리,57,1512,1761,1860,1950,2058,16145,2025,78.8
벤츠,CLA-클래스 C117,56,1045,1378,1575,1827,2175,85596,2017,31.5
기아,니로 EV,56,1530,1627,1855,2250,2424,117069,2022,39.4
미니,쿠퍼 S 컨버터블,55,890,1510,2500,3125,3592,56092,2021,44.6
쉐보레(GM대우),올란도,55,350,410,530,604,729,145133,2015,21.8
기아,뉴카렌스,55,270,297,379,445,495,141785,2009,19.5
벤츠,EQE V295,55,4930,5275,5750,6300,7496,35000,2023,55.0
기아,쏘울 부스터,54,1093,1214,1335,1487,1611,90578,2019,60.6
볼보,V60 크로스컨트리 2세대,54,2448,2812,3235,3912,4855,55317,2021,57.8
포드,머스탱,53,1790,2150,2450,2980,3497,71687,2019,48.2
마세라티,콰트로포르테,52,1702,2185,2815,3599,4974,87168,2016,18.1
현대,쏘나타 뉴 라이즈 하이브리드,50,818,1000,1170,1447,1605,133918,2018,37.4
혼다,올뉴어코드,50,459,727,1000,1187,1304,117586,2015,18.4
르노코리아(삼성),SM5 뉴 임프레션,50,189,220,245,287,330,109257,2009,10.4
기아,올 뉴 쏘울,49,454,590,680,779,904,115629,2015,36.7
지프,랭글러 (JK),48,1250,1670,2085,2490,2723,102788,2016,45.0
기아,K5 하이브리드 2세대,48,765,850,1000,1235,1355,139713,2017,33.0
기아,더 뉴 프라이드,47,446,529,590,670,778,106023,2016,39.4
벤츠,C-클래스 W204,46,489,560,690,880,1050,120296,2012,14.4
지프,그랜드 체로키(WL),46,3510,3812,4200,4954,5824,41164,2022,50.5
제네시스,GV60,46,3419,3782,4235,4974,5635,78845,2022,67.7
기아,오피러스 프리미엄,45,244,320,370,469,529,133623,2010,10.1
폭스바겐,뉴 CC,45,524,590,690,850,920,137436,2014,15.0
캐딜락,CT6,45,1368,1690,2080,2649,3196,101270,2018,24.2
아우디,뉴 A8,45,762,1050,1570,1890,2259,148671,2014,9.7
현대,더 뉴 제네시스 쿠페,44,546,877,992,1190,1561,142977,2013,32.4
미니,쿠퍼 컨트리맨,44,808,1527,2085,3287,3880,62196,2021,51.8
BMW,8시리즈 (G15),44,5415,6255,7870,8801,9710,46000,2023,53.9
르노코리아(삼성),SM7 New Art,44,183,205,250,303,396,142082,2010,8.8
캐딜락,에스컬레이드 5세대,43,7660,8000,8890,10950,16939,60000,2023,63.4
지프,컴패스 2세대,43,1316,1475,1990,2354,2476,50268,2022,39.0
현대,그랜저 뉴 럭셔리,42,240,280,330,387,448,115249,2009,11.0
BMW,X3 (F25),42,607,875,1095,1525,1868,143836,2014,18.3
포르쉐,911,42,4610,7070,9000,12350,13989,80081,2014,52.2
기아,EV9,42,5010,5415,5810,6296,6444,48816,2024,71.2
캐딜락,에스컬레이드,41,1350,2799,3490,3850,4350,103949,2017,23.4
벤츠,스프린터,41,2999,3400,5399,7500,10490,52150,2018,
혼다,어코드 10세대,41,1529,1760,2120,2590,2690,69477,2019,52.5
벤츠,EQS V297,41,6380,6700,7570,8499,10200,59790,2022,45.6
아우디,Q5,41,790,960,1250,1399,1499,147645,2015,17.5
현대,더 뉴 코나 하이브리드,40,1435,1680,1870,2105,2453,88613,2022,66.4
아우디,e-트론,40,4181,4445,4835,5262,6610,73909,2022,43.7
렉서스,ES300h 7세대,40,3099,3455,3995,4745,5725,70279,2021,64.2
폭스바겐,투아렉 3세대,40,3950,4767,5895,7160,8153,37844,2023,62.4
볼보,S60 3세대,40,2367,2437,2975,3474,4341,51007,2021,57.4
기아,포르테 쿱,39,272,299,350,405,450,126481,2011,20.3
현대,코나 하이브리드,39,1458,1610,1740,1905,1999,86300,2020,67.2
BMW,Z4 (G29),38,3556,3946,4975,5709,6282,38346,2022,64.3
혼다,CR-V 5세대,38,1994,2200,2400,3025,3583,66385,2019,62.2
아우디,A3 (8Y),37,2590,2750,2870,3150,3200,19136,2023,64.2
BMW,X3 (G45),37,4845,6000,7550,8080,8284,6700,2025,90.0
BMW,6시리즈 (F12),37,1092,1390,1749,2390,2888,148246,2015,16.0
BMW,2시리즈 액티브 투어러 (F45),36,865,1072,1250,1521,1765,88812,2018,28.9
아우디,뉴 A3,36,615,790,895,1202,1435,94600,2015,24.6
미니,쿠퍼 D 클럽맨,36,715,853,1100,1382,1770,89653,2017,28.7
재규어,F-PACE,36,1215,1330,1489,1799,2174,121135,2018,22.0
재규어,XF (X260),36,774,865,975,1220,1610,116723,2017,14.8
기아,더 뉴 EV6,36,3436,3680,4180,4500,4694,24854,2025,67.8
현대,더 뉴 아이오닉 하이브리드,36,925,1237,1420,1509,1594,137112,2020,51.5
현대,아이오닉 일렉트릭,35,808,970,1090,1285,1370,127068,2018,25.0
람보르기니,우루스,35,27274,33758,37200,43000,47560,6699,2024,115.4
폭스바겐,제타 7세대,35,1587,1755,2410,2675,2999,41997,2021,66.6
재규어,All New XJ,35,724,999,1350,1894,2779,120311,2014,10.6
현대,더 뉴 아이오닉5,35,3470,3744,4140,4546,4688,24933,2025,72.5
기아,K7 하이브리드,35,507,550,670,857,922,169473,2015,18.9
포르쉐,파나메라 (976),34,16423,16922,18874,21775,25780,8300,2025,100.1
제네시스,일렉트리파이드 G80 (RG3),34,4380,4900,5540,6290,7892,71437,2022,67.3
도요타,시에나 4세대,34,4215,4482,5115,5622,6188,49957,2023,75.8
볼보,S60,34,392,592,850,965,1148,130209,2016,17.5
기아,니로 플러스,34,1348,1672,1915,2381,2584,100205,2023,40.9
기아,셀토스 2세대,34,2293,2543,2855,4142,4485,540,2026,101.1
랜드로버,레인지로버 5세대,34,15149,18752,21750,25425,28469,17193,2024,85.3
폭스바겐,뉴 제타,34,360,459,579,650,784,138734,2015,16.8
KG모빌리티(쌍용),슈퍼 렉스턴,34,250,275,354,399,449,165505,2011,11.7
BMW,X4 (F26),33,1453,1599,1850,2350,2550,111902,2016,26.7
포드,F150,33,1998,2670,3559,4999,7540,98111,2016,
재규어,XE,33,662,700,790,950,997,92357,2017,16.3
폭스바겐,더 뉴 파사트,33,409,540,640,830,986,115131,2015,18.0
쉐보레,익스프레스밴,33,1022,1550,2180,2890,3722,86697,2014,
벤츠,G-클래스 W465,33,18452,20600,22160,24980,28280,10100,2025,107.0
BMW,3시리즈 (E90),33,400,499,650,900,1170,120808,2010,11.5
벤츠,GLK-클래스 X204,32,701,936,1215,1375,1661,146066,2013,19.4
포드,브롱코 6세대,32,4909,5335,5620,5892,6195,30735,2023,74.1
폭스바겐,파사트 GT(B8),32,1671,1767,2490,2691,2984,65402,2021,48.9
제네시스,일렉트리파이드 GV70,31,4150,4615,4900,5355,5690,69910,2022,65.1
아우디,A5,31,650,789,899,1095,1280,120250,2015,14.5
벤츠,EQE SUV X294,31,6800,7220,7950,8690,9550,14504,2024,65.7
현대,더 뉴 i40,31,650,785,960,1145,1250,145376,2016,33.6
벤츠,EQS SUV X296,31,8899,9150,10500,12123,19900,27367,2023,65.1
기아,EV4,30,1615,2954,3969,4145,4308,2977,2026,71.5
BMW,i4,30,4073,4537,5145,5790,6446,43978,2024,64.0
렉서스,NX350h 2세대,29,4970,5190,5650,5899,6320,25493,2024,81.5
르노코리아(삼성),필랑트,29,2736,2784,4030,4820,5054,48,2027,77.9
폭스바겐,골프 8세대,29,2579,3250,3650,3750,3824,19900,2024,77.9
현대,아이오닉9,29,5558,6128,6940,7290,7490,16037,2025,84.2
기아,PV5,29,3636,3735,3950,4480,4698,3936,2026,87.9
제네시스,더 뉴 G70 슈팅브레이크,28,2732,3061,3389,3690,4315,29146,2023,75.9
벤틀리,컨티넨탈 GT 3세대,28,15133,17299,19400,23125,28300,35050,2020,66.2
폭스바겐,골프 6세대,28,434,477,499,575,679,136192,2012,15.8
푸조,2008,28,299,435,497,705,814,107964,2015,18.9
현대,코나 일렉트릭 (SX2),27,2508,2760,2899,3036,3320,52139,2023,60.1
볼보,V90 크로스컨트리,27,2037,2394,2800,5420,5800,92158,2020,48.1
지프,글래디에이터 (JT),26,4004,4264,4570,4899,5785,34996,2021,63.0
현대,i30,26,349,370,399,444,475,94367,2010,24.3
닷지,램픽업,26,2825,3299,4970,6775,11335,86478,2019,
페라리,로마,26,26105,27575,32350,39305,43050,5852,2023,89.0
링컨,코세어,26,2195,2424,2630,2885,3080,60694,2021,45.4
벤틀리,벤테이가,26,10300,11375,17849,26400,35750,41350,2022,58.5
벤틀리,플라잉스퍼 3세대,26,17400,19550,21000,24550,28900,35922,2022,69.1
기아,New 스포티지,25,238,290,340,420,487,136952,2009,17.7
폭스바겐,더 비틀,25,579,799,900,1100,1241,124167,2014,25.2
벤츠,E-클래스 W211,25,386,580,750,950,1416,138057,2007,9.3
혼다,파일럿 3세대,24,1450,1540,2444,3119,3334,96415,2019,41.5
르노코리아(삼성),SM5,24,199,220,270,372,441,108207,2002,13.7
현대,더 뉴 벨로스터,24,573,590,665,762,832,115842,2016,31.2
푸조,5008 2세대,24,1456,1507,2120,2792,2922,75103,2021,44.4
아우디,SQ5 (FY),24,3714,4159,4625,5662,6107,66723,2021,52.5
르노코리아(삼성),캡처,24,1159,1296,1510,1562,1664,48444,2020,52.3
미니,쿠퍼 SD 컨트리맨,23,530,609,899,2699,2840,105259,2016,29.3
랜드로버,레인지로버 스포츠 3세대,23,10175,11711,13590,15350,17100,13700,2025,82.6
BMW,X1 (E84),23,426,555,590,673,744,157977,2012,11.7
벤츠,A-클래스 W176,23,867,1070,1540,2197,2390,92190,2017,31.0
아우디,Q7,22,708,821,970,1250,1347,182211,2013,10.6
미니,쿠퍼 S 4세대,22,3285,3527,3625,3783,3990,6345,2025,75.5
기아,쏘울 EV,22,723,819,900,1140,1226,61920,2018,21.2
르노코리아(삼성),QM5,22,220,232,280,299,347,159633,2011,10.1
르노코리아(삼성),SM3 Z.E.,22,432,512,740,822,890,91711,2018,16.5
BMW,X1 (U11),22,3882,4017,4499,5183,5626,21844,2024,71.2
벤츠,B-클래스 W246,22,426,560,750,1143,1608,115407,2015,20.7
BMW,X5 (E70),22,550,619,844,1145,1515,200134,2010,9.9
재규어,New XF,22,307,435,490,726,777,148846,2013,8.3
기아,그랜드 카니발,21,240,299,390,450,600,172000,2009,14.3
BMW,M4 (F82),21,3699,4190,4860,5560,6700,80136,2017,41.5
아우디,Q4 e-트론 (F4),21,3337,3630,3760,4850,4980,38238,2023,60.4
기아,EV5,21,1802,2038,2832,3900,5350,1400,2026,64.5
BMW,5시리즈 (E60),21,390,440,550,680,890,117663,2008,8.7
도요타,RAV4 5세대,21,3299,3690,4250,4400,4570,31477,2024,84.3
렉서스,NX300h,21,2500,2690,2790,3190,4090,84777,2018,49.5
현대,테라칸,21,330,380,450,650,800,203189,2004,19.2
롤스로이스,고스트 2세대,21,32900,37900,42999,48500,53000,13114,2022,82.0
벤츠,G-클래스 W463,20,4954,6374,7175,12050,18500,90070,2015,41.8
벤츠,CLS-클래스 W219,20,357,490,690,857,1038,124875,2009,6.5
기아,더 뉴 카렌스,20,671,737,885,967,1178,131745,2017,40.0
기아,더 뉴 K5 하이브리드 2세대,20,924,1142,1265,1450,1600,133513,2019,39.8
롤스로이스,고스트,20,12725,14975,18399,21175,24750,56840,2018,38.0
BMW,X2 (F39),20,2144,2465,2805,3250,3396,49920,2022,48.8
링컨,뉴 MKZ,20,588,710,1224,1611,1800,97307,2017,26.5
KG모빌리티(쌍용),무쏘 (Q300),19,3680,3774,4000,4250,4350,1108,2026,94.1
쉐보레(GM대우),뉴 라보,19,568,585,600,675,706,75000,2017,73.9
KG모빌리티(쌍용),토레스 EVX,19,2769,2950,2999,3205,3410,54366,2024,63.6
현대,더 뉴 i40 살룬,19,676,729,780,819,958,117315,2016,27.6
현대,에쿠스,18,264,357,410,522,801,120199,2006,7.4
현대,더 뉴 스타리아,18,2952,3560,3805,4446,5226,1371,2026,103.6
현대,더 뉴 i30,18,509,555,600,726,751,146637,2016,31.5
BMW,i5 (G60),18,5569,5857,7124,8210,9215,21512,2025,66.9
아우디,Q3,18,990,1010,1155,1342,1638,123798,2014,22.7
현대,그랜저 TG,18,184,229,244,296,371,132699,2007,10.9
현대,NF 쏘나타 트랜스폼,18,190,220,249,287,392,169768,2009,14.2
링컨,노틸러스 1세대,18,1750,1945,2320,2925,3168,73751,2020,36.7
벤틀리,컨티넨탈 GT 2세대,18,4389,4587,5285,6835,7430,92380,2014,24.7
현대,갤로퍼 2,18,332,452,550,686,748,224486,2000,33.3
포르쉐,마칸 EV,18,10541,10962,11900,12806,13492,12595,2025,99.1
KG모빌리티(쌍용),체어맨 W,17,189,250,390,460,493,134631,2010,6.0
현대,더 럭셔리 그랜저,17,273,320,330,380,441,149524,2010,12.1
재규어,F-TYPE,17,2653,3040,4250,5690,6616,62708,2017,36.5
인피니티,Q30,17,1018,1190,1250,1430,1498,63628,2017,32.5
현대,아반떼 하이브리드,17,320,350,389,419,469,120175,2010,16.3
도요타,캠리 (XV70),17,2214,2300,2850,3450,3606,75392,2019,74.8
벤츠,M-클래스 W166,17,1310,1449,1590,2370,2653,140456,2014,17.5
푸조,508,16,305,344,490,552,660,154066,2014,10.7
테슬라,모델 X,16,5315,5782,6494,7482,9954,116178,2019,56.1
링컨,컨티넨탈 10세대,16,1300,1580,1800,2210,2440,86843,2018,21.4
푸조,3008 2세대,16,1365,1445,1780,2492,2620,59196,2021,45.3
링컨,MKC,16,830,1002,1194,1462,1720,89803,2017,
렉서스,UX250h,16,2765,2990,3315,3683,3920,54611,2021,68.3
도요타,프리우스 4세대,16,1150,1168,1320,1497,2150,131151,2018,46.2
인피니티,Q70,16,720,871,1042,1237,1395,116630,2017,18.1
아우디,Q3 (F3),16,3620,3962,4370,4622,5375,21271,2024,81.4
르노코리아(삼성),트위지,15,178,215,279,290,299,6240,2019,
링컨,네비게이터 4세대,15,4390,4760,5650,7704,8516,61908,2021,56.9
BMW,X4M (G02),15,4639,5690,7940,9045,9702,24928,2024,58.6
BMW,X6 (E71),15,811,1024,1220,1515,1689,172500,2012,11.7
KG모빌리티(쌍용),무쏘 스포츠 (Q250),15,2778,2870,3150,3245,3396,4770,2025,89.4
포르쉐,카이엔,15,690,774,1050,1965,2590,148000,2008,10.4
포르쉐,박스터,15,2219,3185,3500,4850,5996,113514,2013,42.3
미니,쿠퍼 컨버터블,15,584,749,1200,1424,2385,106142,2017,29.7
BMW,i7 (G70),15,11180,11325,12000,12675,14020,31700,2023,60.7
재규어,E-PACE,15,1346,1444,1540,1770,1950,77324,2018,27.5
포르쉐,718 카이맨,15,5056,5520,6809,9375,15280,52496,2020,74.4
캐딜락,XT5,15,1654,1785,2050,2580,3032,81114,2019,31.2
벤츠,EQC N293,15,3039,3510,3750,3914,4150,59629,2020,37.9
롤스로이스,컬리넌,15,34999,40400,45800,49400,58200,14000,2023,82.9
벤츠,GLS-클래스 X166,14,2889,3032,3265,3579,4118,145967,2017,24.9
BMW,2시리즈 액티브 투어러 (U06),14,3180,3375,3525,3895,4076,4770,2025,72.5
볼보,XC70,14,499,821,1065,1539,1739,201790,2014,17.9
랜드로버,레인지로버,14,1193,1292,1819,2012,2390,155786,2011,11.2
렉서스,IS250,14,514,556,599,672,906,133396,2008,13.1
닛산,쥬크,14,569,600,685,742,850,108253,2014,23.9
링컨,MKX 2세대,14,795,1085,1224,1542,1656,105148,2017,21.9
볼보,S80,14,364,436,720,796,962,103036,2011,9.9
기아,K3 쿱,14,428,457,490,525,561,125092,2014,24.2
폭스바겐,뉴 투아렉,14,850,932,1199,1407,1570,171945,2014,15.1
벤츠,뉴 SLK-클래스,14,762,852,1189,1772,2270,116808,2009,18.2
인피니티,QX60,14,759,935,1245,1510,1719,120482,2016,19.1
KG모빌리티(쌍용),무쏘 스포츠 칸 (Q250),14,3110,3221,3405,3586,3641,8125,2025,88.9
현대,투스카니(신형),13,390,400,430,500,786,127049,2007,30.9
미니,쿠퍼 S 컨트리맨 3세대,13,3514,3700,3890,4090,5196,14200,2024,72.4
포드,레인저 4세대,13,4494,4702,5299,6290,6391,35125,2023,75.2
포드,뉴 토러스,13,305,390,499,650,790,131316,2014,11.7
벤츠,V-클래스,13,4715,5500,7700,17400,17400,35099,2022,
폭스바겐,페이톤,13,392,500,690,950,1611,163913,2011,7.7
현대,i30 cw,13,304,340,350,369,420,103877,2009,22.1
르노코리아(삼성),뉴SM5,13,133,160,199,200,230,166885,2007,8.7
볼보,V40,13,558,790,900,1230,1338,84932,2016,24.5
르노코리아(삼성),조에,13,998,1150,1270,1420,1534,85498,2021,29.4
기아,뉴오피러스,13,204,250,250,299,340,123330,2008,7.1
랜드로버,레인지로버 스포츠,13,691,799,890,1150,1186,162610,2010,8.6
아우디,A5 (B10),13,4474,4990,5350,6150,6746,3500,2025,85.7
도요타,크라운 크로스오버,13,4606,4760,5100,5350,5350,21221,2024,84.4
크라이슬러,200 2세대,13,341,399,480,500,599,109908,2015,14.5
푸조,3008,12,296,356,399,458,489,140928,2014,
쉐보레(GM대우),볼트 EV,12,1182,1297,1709,1840,1893,87230,2020,33.5
링컨,뉴 MKS,12,331,386,404,462,488,137274,2014,7.5
렉서스,뉴 ES300h,12,1649,1860,2390,2670,2844,82565,2016,39.8
BMW,M2 (G87),12,6569,7199,7575,8202,8651,17921,2024,85.3
마세라티,그레칼레,12,6684,6990,7374,7937,8289,17338,2023,61.1
폴스타,폴스타 2,12,2713,2979,3349,3510,3744,34395,2023,58.1
폭스바겐,ID.4,12,2991,3112,3420,3562,3977,39234,2022,59.3
테슬라,모델 S,12,3697,3962,4445,4805,4886,109679,2019,42.1
캐딜락,ATS,12,659,777,920,1162,1665,90577,2017,20.8
인피니티,M37,12,349,350,405,587,628,161600,2011,7.2
벤츠,SL-클래스 R232,12,13720,14140,16669,18500,19130,3813,2024,81.7
기아,로체 이노베이션,12,209,299,305,342,377,121766,2009,13.9
현대,투싼,12,254,290,309,350,377,119765,2008,15.4
BMW,1시리즈 (F70),11,3950,3950,4000,4100,5630,4293,2025,78.4
벤츠,SL-클래스,11,1370,1850,1999,2694,3900,127161,2005,11.2
인피니티,G25,11,250,335,375,422,580,143502,2012,9.0
폭스바겐,시로코,11,650,795,1050,1110,1490,157183,2013,22.5
포드,머스탱 7세대,11,4660,5245,5750,6665,6850,9718,2024,78.7
BMW,M4 (G82),11,9200,9500,11500,15177,18500,17000,2024,81.3
롤스로이스,레이스,11,15990,22845,28000,29500,38000,24412,2017,60.9
BMW,i3,11,1050,2020,2390,2645,2890,44368,2019,33.3
캐딜락,CTS 2세대,11,310,374,890,1040,1090,136358,2011,13.3
닛산,큐브,11,409,465,599,635,650,113133,2011,23.2
기아,프라이드,11,290,290,399,470,590,179738,1996,79.4
현대,NF 쏘나타,11,170,215,250,285,295,151900,2007,11.6
BMW,X3M (G01),11,4420,5420,6250,6825,6990,57877,2021,54.3
벤틀리,플라잉스퍼 2세대,11,4100,4994,5100,6075,6500,96000,2016,21.0
아우디,Q5 (80A),11,6200,7275,8050,8745,9500,45,2025,99.9
KG모빌리티(쌍용),체어맨 H 뉴 클래식,10,277,292,310,402,449,147523,2013,8.4
현대,더 뉴 아이오닉 일렉트릭,10,1386,1497,1715,1937,2073,106023,2020,38.2
벤츠,C-클래스,10,534,690,994,1267,1925,154040,1998,22.6
BMW,X6M (G06),10,8680,9572,11075,14765,15449,37847,2023,64.9
랜드로버,프리랜더2,10,468,505,600,715,742,163321,2011,10.5
포드,몬데오 4세대,10,394,534,604,1387,1795,119588,2015,22.7
BMW,X2 (U10),10,3855,4900,5285,5725,6413,5450,2025,71.2
기아,프라이드(신형),10,199,247,315,345,387,102359,2010,26.3
포드,레인저 3세대,10,2799,3200,3470,3880,4204,61164,2022,
혼다,어코드 11세대,10,3734,3835,3874,4142,4380,11404,2024,76.7
현대,갤로퍼,10,696,942,1349,2362,3098,150953,1995,62.3
폭스바겐,뉴 비틀,10,275,335,389,494,659,118380,2007,12.6
도요타,시에나,10,1378,1415,1577,1992,2498,130603,2017,31.9
아우디,Q2,10,2911,3062,3395,3725,3796,22162,2023,76.5
쉐보레(GM대우),볼트 EUV,10,2134,2300,2375,2445,2511,58259,2023,49.7
BMW,1시리즈 (E82),9,354,599,750,790,946,195301,2011,14.1
BMW,2시리즈 그란쿠페 (F74),9,3800,3850,3990,3990,4350,4420,2025,72.0
르노코리아(삼성),SM7,9,195,220,230,250,592,135000,2007,12.6
롤스로이스,팬텀,9,16800,22000,40000,49900,74380,29000,2016,59.7
볼보,V60 크로스컨트리,9,1149,1250,1320,1359,1518,109187,2016,23.7
캐딜락,XT6,9,4031,4350,4990,5200,5339,43477,2022,56.4
크라이슬러,더 뉴 300C,9,532,620,730,780,802,140226,2014,12.5
BMW,7시리즈 (E65),9,390,460,750,1300,2250,146282,2007,7.6
벤츠,뉴 SL-클래스,9,2879,4190,4350,5400,5950,109610,2014,29.6
기아,쏘울 부스터 EV,9,1450,1577,1830,1890,2302,107829,2019,35.9
렉서스,LS500h 5세대,9,4754,5799,7990,8900,10570,57107,2021,45.1
혼다,시빅,9,676,770,980,1510,1851,58136,2015,39.6
렉서스,LS500 5세대,9,3538,3900,5640,7499,8268,54000,2020,43.3
미니,쿠퍼 C 4세대,9,2778,2900,3090,3220,3398,3475,2025,76.4
쉐보레(GM대우),스파크,9,255,270,290,330,353,141743,2013,24.5
미니,쿠퍼 SD,9,431,490,590,850,918,129069,2013,15.1
렉서스,LS460,9,466,720,1290,1899,2730,101388,2011,14.0
도요타,뉴 캠리,9,950,1050,1195,1380,1618,91265,2015,33.1
현대,뉴 그랜저 XG,9,320,350,380,500,560,94459,2004,16.7
람보르기니,우라칸,9,19300,30199,37000,42000,46580,7700,2023,88.4
볼보,XC60,9,810,890,1190,1390,1522,134708,2016,20.7
페라리,F8 스파이더,9,34820,36500,38500,40900,49120,8500,2021,100.5
아우디,R8 (4S),9,10279,11500,13199,15900,17119,55000,2017,50.0
페라리,SF90 스파이더,9,55899,57000,57999,58000,74800,3100,2023,
벤츠,B-클래스 W245,9,282,350,390,459,484,140135,2011,10.4
BMW,3시리즈,8,434,547,945,1662,2341,157321,2001,15.5
BMW,7시리즈,8,694,799,950,1150,1752,222289,2000,8.4
렉서스,NX450h+ 2세대,8,4299,5017,5895,6230,6635,22470,2025,74.2
벤틀리,컨티넨탈 GT 1세대,8,2032,2315,2702,3012,3841,76262,2006,10.1
BMW,X5M (G05),8,8614,9100,9475,10262,14319,57604,2022,60.0
벤틀리,플라잉스퍼 1세대,8,1381,1667,2624,2836,3100,127070,2010,8.2
BMW,X6M (F16),8,3263,3335,3600,3965,4298,99512,2017,22.6
폭스바겐,티록,8,2099,2175,2265,2297,2322,60817,2021,56.4
KG모빌리티(쌍용),액티언 스포츠,8,228,247,307,399,400,127106,2011,14.2
KG모빌리티(쌍용),무쏘 EV (O100),8,3749,3971,4120,4275,4527,20750,2026,79.5
KG모빌리티(쌍용),뉴체어맨,8,250,280,299,377,618,89947,2006,8.3
포드,퓨전,8,381,442,484,499,574,111453,2013,12.8
인피니티,QX50 (P71A),8,1672,1690,1735,1960,2184,98142,2019,33.4
벤츠,S-클래스,8,789,954,1570,2050,2275,186335,1997,14.6
렉서스,CT200h,8,1383,1486,1600,1860,2229,113939,2017,41.6
아우디,RS3 (8Y),8,7363,7390,7873,8237,8395,4173,2025,99.0
벤츠,E-클래스 W210,8,450,562,640,692,729,148176,2001,9.6
닛산,맥시마 (A36),8,808,857,890,1000,1174,130399,2017,21.7
페라리,푸로산게,8,71850,74250,76250,80875,85450,730,2025,126.9
BMW,Z4 (E89),8,1598,1872,2250,2340,2616,112146,2012,24.1
캐딜락,CT4,8,2033,2205,2310,2457,2515,56261,2020,46.1
페라리,296 GTS,8,43700,44375,48000,52225,55689,2802,2024,
BMW,iX3,8,4564,4975,5215,5502,6112,38766,2023,64.6
지프,랭글러 (TJ),8,1082,1586,1840,1970,2096,172077,2001,55.8
볼보,V60,8,578,622,690,920,962,132685,2016,15.8
혼다,New CR-V,8,1216,1330,1384,1457,1620,114481,2015,37.4
페라리,296 GTB,7,32800,34500,35000,36250,37780,4981,2023,88.7
BMW,iX,7,7100,7425,8120,9080,9640,26568,2023,60.6
기타 제조사,기타,7,318,370,450,655,843,9858,2021,
포드,F350,7,1910,2370,5390,6695,9614,55830,2015,
BMW,i8,7,5654,6640,7400,7470,7514,45401,2016,34.7
KG모빌리티(쌍용),렉스턴 II,7,205,240,260,329,400,151614,2007,8.4
페라리,포르토피노,7,18578,19365,21000,25250,32100,22034,2020,69.3
캐딜락,CTS 3세대,7,774,820,970,1525,1602,94801,2017,19.3
도요타,프리우스 C,7,1113,1195,1260,1300,1398,76019,2018,49.9
폭스바겐,티구안,7,389,390,490,565,588,135648,2011,11.2
도요타,캠리 (XV80),7,4320,4400,4400,4600,4844,3912,2025,91.2
벤틀리,컨티넨탈 GT 4세대,7,41000,41000,43000,45000,46600,3402,2025,112.6
마세라티,그란투리스모,7,2959,3494,3990,5574,7190,71033,2014,23.9
도요타,아발론 5세대,7,2429,2475,2550,2910,3322,92842,2019,59.2
푸조,508 2세대,7,1186,1350,1499,1655,1724,73154,2019,34.3
렉서스,RX350h 5세대,7,7030,7220,7499,8000,8579,53000,2024,77.9
BMW,2시리즈 (G42),7,5355,5399,5540,5600,5639,27340,2023,73.9
현대,티뷰론,7,722,890,990,1245,1814,141051,1999,83.5
도요타,알파드 4세대,7,9090,9320,9600,11350,11960,21073,2024,104.1
폭스바겐,폴로,7,580,614,690,759,873,67882,2014,26.2
볼보,XC90,7,274,370,590,730,775,190686,2006,7.7
도요타,타코마,6,4790,5125,5685,5930,6075,74836,2017,
벤츠,CLK-클래스 C209,6,649,671,685,771,899,143141,2004,8.0
아우디,S4 (B9),6,4245,4415,4590,4915,5194,34973,2022,57.2
기아,더 뉴 쏘울,6,655,732,780,932,985,141549,2018,42.1
현대,그랜저,6,560,690,765,1095,1600,227222,1991,
링컨,뉴 MKX,6,454,484,590,687,695,112965,2013,10.5
포드,트랜짓,6,2620,2830,3825,7100,9350,78424,2017,
아우디,뉴 TT,6,689,796,890,1020,1285,139409,2008,15.1
KG모빌리티(쌍용),뉴카이런,6,260,275,295,337,374,155493,2009,11.3
미니,쿠퍼 S 쿠페,6,625,707,1085,2121,2449,95797,2013,30.9
렉서스,LM 2세대,6,14760,16550,17295,18347,18700,23432,2025,91.4
지프,컴패스,6,355,447,640,780,895,86431,2014,18.1
BMW,M3 (E90),6,2620,2987,3449,4024,4225,91793,2012,33.1
도요타,FJ 크루져,6,2874,3160,3845,4237,4405,149325,2010,69.0
현대,뉴 그랜저,6,244,390,540,755,888,99565,1995,20.2
BMW,X5 (E53),6,295,385,670,932,990,199598,2003,7.5
현대,다이너스티,6,340,350,360,520,584,153178,2002,14.1
렉서스,UX300h,6,4060,4357,4385,4660,4865,17157,2025,81.3
BMW,M5 (G90),6,17900,18399,20749,21749,22049,5185,2026,111.4
기아,엘란,6,849,971,1125,1337,1695,177532,1997,45.1
BMW,XM (G09),6,12672,12925,13500,15350,18150,39737,2023,61.1
르노코리아(삼성),세닉,6,3400,3620,3735,3820,4085,411,2026,69.0
BMW,5시리즈,6,899,1250,1425,1562,3600,183584,1997,11.9
인피니티,G37,6,374,567,875,986,1124,149336,2009,12.2
쉐보레(GM대우),뉴 다마스,6,450,477,525,587,608,81102,2016,54.1
재규어,XJ-6,6,1000,1165,1579,1687,4750,175729,2000,30.3
푸조,2008 2세대,6,1435,1580,1765,1867,2030,76086,2021,50.8
쉐보레,서버밴,6,1225,1260,1345,1700,1885,189712,2011,
사브,9-3 2세대,6,505,615,1090,1369,1524,148185,2008,17.2
혼다,CR-V,6,385,430,530,622,700,137633,2007,15.6
BMW,M3 (G80),5,9122,10881,12990,14300,15614,13000,2024,89.7
BMW,6시리즈 (E63),5,1000,1099,1150,1290,1295,163016,2008,6.8
렉서스,ES350,5,490,550,740,830,842,144941,2009,11.2
기아,포르테 해치백,5,350,350,350,388,449,93107,2011,24.1
도요타,툰드라,5,3782,4250,6300,8500,9310,51942,2015,
닛산,리프 (ZE1),5,935,1139,1140,1290,1446,91372,2019,25.3
도요타,프리우스 5세대,5,3454,3460,3499,3550,3880,8508,2024,84.0
KG모빌리티(쌍용),더 뉴 티볼리 에어,5,1886,1940,1950,1990,2086,29221,2024,75.2
아우디,RSQ8 (4M),5,7262,10700,15961,18850,19720,17956,2025,75.4
현대,마르샤,5,258,270,360,390,395,109765,1997,21.8
페라리,SF90 스트라달레,5,42200,44000,47500,48500,55340,2100,2021,75.3
벤츠,AMG GT C192,5,18680,18800,18800,20250,20720,2917,2025,94.5
볼보,V40 크로스컨트리,5,718,760,760,1150,1275,141206,2018,22.3
BMW,2시리즈 (F22),5,834,990,1330,1480,2092,164547,2015,27.2
볼보,C30,5,327,399,400,440,506,121000,2011,10.7
인피니티,EX35,5,433,529,570,590,626,115285,2012,9.7
BMW,M5 (F90),5,4913,5099,8000,8950,10150,100107,2019,48.4
BMW,X5M (F15),5,2996,3200,3490,4300,4719,117479,2016,24.0
미니,쿠퍼 S 로드스터,5,758,860,1099,1250,1394,102005,2013,24.1
링컨,노틸러스 2세대,5,5030,5150,5180,5190,5271,32687,2024,66.7
현대,뉴 EF 쏘나타,5,219,250,290,300,330,70200,2003,19.1
아우디,TT (8S),5,2110,2350,3490,3799,4807,70000,2016,57.8
벤츠,M-클래스 W164,5,440,530,580,640,676,209666,2007,6.2
닛산,패스파인더 4세대,5,852,900,1020,1550,1928,115910,2016,24.5
미니,쿠퍼 S 컨버터블 4세대,5,4148,4400,4550,4550,4956,7927,2025,82.2
미니,쿠퍼 SD 클럽맨,5,833,1050,1690,2150,2240,84862,2018,32.4
아우디,S8,5,1434,1650,1890,2150,2840,171000,2013,11.4
아우디,S7,5,1899,2050,2250,3099,3339,106090,2015,20.2
기아,봉고III 미니버스,5,462,590,777,970,1498,225571,2005,
닷지,챌린저,5,4890,5490,7550,9700,11080,63148,2018,
닷지,다코타,5,846,990,1180,1500,1608,123000,2007,24.6
도요타,수프라 5세대,4,6412,6655,7220,7662,7685,32502,2023,92.6
폭스바겐,아틀라스,4,5492,5555,5645,5730,5784,5717,2025,83.1
아우디,A1,4,805,814,869,937,969,112891,2015,24.5
푸조,208,4,450,450,555,687,737,82539,2016,21.7
아우디,R8,4,4372,4840,5720,7505,9602,131400,2013,30.5
현대,아반떼,4,229,242,250,261,281,87910,1996,32.2
현대,아반떼 쿠페,4,559,572,585,615,660,107699,2014,30.2
쉐보레,타호,4,1268,1385,1459,1574,1763,187000,2007,
사브,9000,4,622,671,949,1200,1200,204218,1996,
기아,뉴카니발,4,262,267,270,335,452,142385,2008,13.0
르노코리아(삼성),SM3 뉴 제너레이션,4,223,227,240,257,271,104592,2009,18.2
현대,ST1,4,4226,4267,4390,4505,4532,21277,2025,66.0
푸조,308 2세대,4,497,537,665,920,1190,114159,2015,23.8
푸조,408,4,2910,3000,3175,3425,3650,17830,2024,70.7
렉서스,뉴 IS300,4,2082,2221,2329,2362,2367,79797,2018,42.8
KG모빌리티(쌍용),액티언,4,114,150,230,315,360,160000,2007,11.0
포르쉐,카이맨,4,2060,2150,2375,2662,2864,103004,2009,23.2
인피니티,QX70,4,1853,2204,2399,2487,2645,111271,2017,29.2
재규어,New XJ,4,673,722,920,1690,2770,149885,2007,8.9
포드,F250,4,1790,2105,2340,3950,6740,163666,2008,
페라리,458,4,17300,20000,22500,33950,52760,41469,2013,49.3
포드,E-Series,4,1449,1597,1700,1927,2301,159242,2003,
재규어,XJ-8,4,1249,1474,1739,2035,2314,131941,2002,
지프,어벤저,4,3279,3292,3325,3475,3700,7573,2024,62.1
크라이슬러,그랜드 보이저,4,683,809,885,910,946,149307,2012,14.1
BMW,M3 (F80),4,4031,4107,4625,5237,5485,123512,2015,41.7
BMW,M2 (F87),4,3749,4019,4459,4860,5058,85741,2018,64.6
볼보,XC40 리차지,4,3574,3687,4250,5012,5485,35817,2022,68.9
닛산,무라노 (Z52),4,1412,1430,1510,1634,1733,97747,2016,28.3
닛산,무라노,4,264,286,299,370,496,187173,2010,7.1
렉서스,LS430,4,590,590,720,950,1130,201328,2004,7.4
현대,베르나 트랜스폼,4,256,310,345,375,420,105736,2010,26.5
현대,투스카니,4,279,324,425,537,605,125913,2006,26.6
BMW,M5 (F10),4,2050,2140,2994,4224,4989,142232,2014,23.6
현대,트라제 XG,4,276,285,294,329,383,125486,2007,15.8
롤스로이스,스펙터,4,55650,55875,57250,58750,59200,5162,2024,92.2
현대,스타렉스,4,223,227,355,482,487,132413,2006,
쉐보레,콜벳,4,4918,5845,7830,9950,11120,97917,2016,
렉서스,RX450h 4세대,4,4617,4792,5194,5624,5849,81535,2020,61.8
람보르기니,아벤타도르,4,41600,42500,45500,53000,62000,7904,2018,91.8
도요타,RAV4,4,1181,1302,1485,1612,1634,117283,2014,42.8
폭스바겐,투아렉,4,668,920,1329,1699,1879,185592,2006,10.8
포드,익스페디션,4,3893,3897,4150,4612,4995,91749,2021,51.6
랜드로버,디스커버리 3,4,820,865,945,1050,1140,228010,2006,13.1
인피니티,Q60 (CV37),4,2388,2447,2589,2716,2748,113394,2018,37.2
포드,쿠가 2세대,4,609,667,715,735,744,150352,2016,16.3
포드,이스케이프,4,401,477,520,552,611,119456,2013,10.8
포드,포커스,4,274,310,440,552,557,121930,2014,13.5
현대,쏘나타 II,3,263,269,279,299,311,112052,1995,23.0
혼다,어코드,3,223,259,320,360,384,151276,2007,8.3
혼다,N-BOX,3,1484,1565,1700,1725,1740,111658,2015,
현대,스타렉스 점보,3,244,265,300,335,356,146000,2005,
현대,산타모,3,360,360,360,380,392,82958,1999,24.4
현대,베르나(신형),3,199,199,199,274,319,105837,2008,18.0
혼다,CR-V 6세대,3,3610,3925,4450,4545,4602,6684,2025,83.4
롤스로이스,던,3,30980,33200,36900,41900,44900,27000,2020,83.2
기아,모닝,3,146,147,150,159,164,122311,2007,19.9
아우디,S3 (8Y),3,4052,4064,4085,4287,4409,10040,2023,69.9
아우디,RS7 (4K),3,16539,16599,16700,16950,17100,3999,2025,91.0
KG모빌리티(쌍용),뉴무쏘,3,1084,1240,1500,1500,1500,75000,2004,42.6
아우디,RS5,3,2151,2169,2199,2344,2431,132222,2013,20.8
미니,쿠퍼 쿠페,3,416,455,520,579,615,151348,2012,13.9
닷지,그랜드 캐러밴,3,834,870,930,1295,1514,157675,2014,
닛산,알티마 (L34),3,1434,1455,1490,1539,1569,76595,2019,43.5
도요타,프리우스,3,566,590,630,695,734,172216,2011,18.2
KG모빌리티(쌍용),뉴코란도,3,429,474,550,570,582,248540,2005,27.4
BMW,Z3,3,1260,1650,2300,2390,2444,190000,2000,35.5
벤츠,CL-클래스 C216,3,1187,1484,1979,3089,3755,190000,2008,15.0
현대,싼타페,3,254,260,270,285,294,169451,2004,12.6
캐딜락,XT4,3,3598,3670,3790,4044,4197,15982,2023,66.1
캐딜락,CT5,3,2190,2325,2550,2570,2582,75757,2020,40.8
재규어,다임러,3,1582,1720,1950,2360,2606,218320,2002,14.2
테슬라,사이버트럭,3,13722,13770,13850,13924,13969,15539,2024,
도요타,프리우스 프라임,3,1846,1855,1870,2000,2078,119994,2017,40.5
아우디,S5 (F5),3,5698,5860,6130,6360,6498,26264,2023,67.6
아우디,SQ5,3,1860,1875,1900,1949,1979,139656,2015,22.1
아우디,S6 (C8),3,5312,5420,5600,6290,6704,51505,2021,53.5
아우디,e-트론 GT,3,6949,7174,7550,7575,7590,91047,2022,46.4
아우디,S8 (D5),3,8518,8695,8990,11545,13078,39700,2020,51.7
미니,쿠퍼 일렉트릭 4세대,3,3780,4050,4500,4695,4812,6900,2025,77.6
KG모빌리티(쌍용),체어맨,3,386,410,450,535,586,60032,2002,10.3
기아,캐피탈,3,594,660,770,1135,1354,161231,1994,
인피니티,QX50,3,883,889,899,959,995,122329,2016,17.9
랜드로버,디펜더,3,8320,8800,9600,9900,10080,26250,2004,
인피니티,QX30,3,1242,1320,1450,1550,1610,83163,2019,31.6
재규어,I-PACE,3,3132,3345,3700,3800,3860,61973,2019,29.6
BMW,X6M (E71),3,1335,1389,1480,1820,2024,160984,2010,10.2
폭스바겐,골프 5세대,3,451,454,460,1680,2412,146943,2007,11.2
KG모빌리티(쌍용),무쏘,3,738,780,850,875,890,236000,1997,27.5
렉서스,뉴 IS250,3,1410,1440,1490,1525,1546,116642,2014,29.9
렉서스,뉴 IS200t,3,1602,1770,2050,2160,2226,101125,2017,37.4
렉서스,뉴 ES350,3,1370,1400,1450,1600,1690,132520,2013,24.1
푸조,e-2008 2세대,3,1966,1990,2030,2190,2286,65510,2021,41.1
푸조,206CC,3,399,414,438,569,647,103000,2007,15.7
푸조,207GT,3,329,374,450,455,458,58915,2008,13.1
렉서스,LS460L,3,542,620,750,1050,1230,147750,2009,5.9
기아,쏘렌토,3,250,250,250,260,266,160617,2004,11.6
도요타,86,3,2252,2345,2500,2625,2700,124000,2017,57.9
닷지,캘리버,3,304,310,320,335,344,122861,2007,11.8
링컨,MKS,3,242,260,290,420,498,136497,2010,6.3
링컨,MKT,3,974,980,990,1070,1118,99962,2014,
현대,그랜저 XG,3,236,290,380,580,700,82213,2000,19.1
현대,뉴 아반떼 XD,3,218,230,250,305,338,101594,2004,25.6
인피니티,M56,3,970,1000,1050,1120,1162,180474,2011,12.6
도요타,캠리,3,709,724,749,759,765,97855,2011,19.6
기아,K3 유로,3,502,520,550,565,574,116058,2015,28.2
현대,더 뉴 아이오닉6,3,6672,6795,7000,7175,7280,9889,2026,87.4
벤틀리,뮬산,3,9552,10395,11800,12800,13400,85492,2016,24.0
벤츠,SLC-클래스 R172,3,2824,2935,3120,3405,3576,49396,2018,39.9
인피니티,JX35,3,532,625,780,789,795,148215,2013,9.8
벤츠,SEL/SEC,3,2164,2440,2900,5695,7372,75000,1991,
BMW,M8 (G15),3,9510,11295,14270,15085,15574,26000,2024,52.1
인피니티,FX35,3,712,745,800,845,872,137952,2009,10.9
BMW,M6 (F12),3,2718,3270,4190,4444,4597,111779,2016,19.6
기아,엔터프라이즈,3,302,335,390,445,478,91000,2001,13.5
현대,포니투,3,815,884,999,1749,2199,178118,1987,
현대,아반떼 XD,3,256,291,349,424,469,79052,2002,37.4
볼보,C40 리차지,3,3297,3444,3690,3740,3770,50466,2022,55.4
볼보,S40,3,198,210,230,235,238,160997,2008,5.7
혼다,레전드 5세대,3,1086,1110,1150,1300,1390,160916,2016,19.0
혼다,크로스투어,3,990,1005,1030,1090,1126,90342,2013,22.5
